업체명,업체코드,업체카테고리,주소,전화번호,별점,업체사진,편의성정보,주차여부,영업시간
아서원1920 전주본점,1647184627,중식당,전북 전주시 덕진구 송천중앙로 225 파인트리몰 3층,0507-1360-1789,0.0,https://search.pstatic.net/common/?autoRotate=true&type=w560_sharpen&src=https%3A%2F%2Fldb-phinf.pstatic.net%2F20250702_224%2F1751420679650vqGD6_PNG%2F%25BE%25C6%25BC%25AD%25BF%25F8_%25BA%25ED%25B7%25E7%25B8%25AE%25BA%25BB2025.png,콜키지 가능유료_무선 인터넷_남/녀 화장실 구분_포장_예약_단체 이용 가능_대기공간_유아의자_화장실 휠체어 이용가능_출입구 휠체어 이용가능_좌석 휠체어 이용가능_장애인 주차구역,가능,"월: 11:00 - 21:00 (브레이크타임: 15:00 - 17:00, 라스트오더: 20:20) | 화: 11:00 - 21:00 (브레이크타임: 15:00 - 17:00, 라스트오더: 20:20) | 수: 11:00 - 21:00 (브레이크타임: 15:00 - 17:00, 라스트오더: 20:20) | 목: 11:00 - 21:00 (브레이크타임: 15:00 - 17:00, 라스트오더: 20:20) | 금: 11:00 - 21:00 (브레이크타임: 15:00 - 17:00, 라스트오더: 20:20) | 토: 11:00 - 21:00 (브레이크타임: 15:00 - 16:00, 라스트오더: 20:20) | 일: 11:00 - 21:00 (브레이크타임: 15:00 - 16:00, 라스트오더: 20:20)"
아서원1920 전주한옥마을꽃심호텔점,2099020069,중식당,전북 전주시 완산구 팔달로 171 1층,0507-1443-1790,0.0,https://search.pstatic.net/common/?autoRotate=true&type=w560_sharpen&src=https%3A%2F%2Fldb-phinf.pstatic.net%2F20250704_237%2F1751596452416oropY_PNG%2F%25BE%25C6%25BC%25AD%25BF%25F8_%25BA%25ED%25B7%25E7%25B8%25AE%25BA%25BB2025.png,콜키지 가능유료_단체 이용 가능_예약_무선 인터넷_유아의자_포장_남/녀 화장실 구분_화장실 휠체어 이용가능_출입구 휠체어 이용가능_좌석 휠체어 이용가능_장애인 주차구역,가능,"월: 11:00 - 21:00 (브레이크타임: 15:00 - 17:00, 라스트오더: 14:20, 20:20) | 화: 11:00 - 21:00 (브레이크타임: 15:00 - 17:00, 라스트오더: 14:20, 20:20) | 수: 11:00 - 21:00 (브레이크타임: 15:00 - 17:00, 라스트오더: 14:20, 20:20) | 목: 11:00 - 21:00 (브레이크타임: 15:00 - 17:00, 라스트오더: 14:20, 20:20) | 금: 11:00 - 21:00 (브레이크타임: 15:00 - 17:00, 라스트오더: 14:20, 20:20) | 토: 11:00 - 21:00 (브레이크타임: 15:00 - 16:30, 라스트오더: 14:20, 20:20) | 일: 11:00 - 21:00 (브레이크타임: 15:00 - 16:30, 라스트오더: 14:20, 20:20)"
파쿠야 전주점,1340584191,이자카야,전북 전주시 덕진구 기린대로 456 1층 파쿠야,0507-1449-3739,0.0,https://search.pstatic.net/common/?autoRotate=true&type=w560_sharpen&src=https%3A%2F%2Fldb-phinf.pstatic.net%2F20240307_6%2F1709808836290GwAk9_JPEG%2FIMG_3920.jpeg,콜키지 가능유료_단체 이용 가능_예약_남/녀 화장실 구분_무선 인터넷_\반려동물 동반_포장,가능,월: 17:30 - 다음 날 04:00 | 화: 17:30 - 다음 날 04:00 | 수: 17:30 - 다음 날 04:00 | 목: 17:30 - 다음 날 04:00 | 금: 17:30 - 다음 날 04:00 | 토: 17:30 - 다음 날 04:00 | 일: 17:30 - 다음 날 04:00
계도리,1163302976,한식,전북 전주시 덕진구 명륜2길 15 16 1층 계도리,0507-1326-3742,0.0,https://search.pstatic.net/common/?autoRotate=true&type=w560_sharpen&src=https%3A%2F%2Fldb-phinf.pstatic.net%2F20251102_101%2F17620755959204x66w_JPEG%2FIMG_8350.jpeg,포장_무선 인터넷_단체 이용 가능_예약_대기공간_남/녀 화장실 구분_유아의자,불가,"월: 11:00 - 22:00 (브레이크타임: 15:00 - 17:00, 라스트오더: 14:30, 21:30) | 화: 11:00 - 22:00 (브레이크타임: 15:00 - 17:00, 라스트오더: 14:30, 21:30) | 수: 11:00 - 22:00 (브레이크타임: 15:00 - 17:00, 라스트오더: 14:30, 21:30) | 목: 11:00 - 22:00 (브레이크타임: 15:00 - 17:00, 라스트오더: 14:30, 21:30) | 금: 11:00 - 22:00 (브레이크타임: 15:00 - 17:00, 라스트오더: 14:30, 21:30) | 토: 11:00 - 22:00 (브레이크타임: 15:00 - 17:00, 라스트오더: 14:30, 21:30) | 일: 11:00 - 22:00 (브레이크타임: 15:00 - 17:00, 라스트오더: 14:30, 21:30)"
대설 본점,1598840565,"카페,디저트",전북 전주시 덕진구 명륜4길 18 2층,0507-1467-1534,0.0,https://search.pstatic.net/common/?autoRotate=true&type=w278_sharpen&src=https%3A%2F%2Fldb-phinf.pstatic.net%2F20251119_142%2F1763547265913HTJqh_PNG%2FKakaoTalk_20231209_155549039.png,로스터리_테이크아웃 할인_배달_포장_예약_단체 이용 가능_남/녀 화장실 구분,불가,월: 12:00 - 다음 날 00:40 (라스트오더: 00:20) | 화: 12:00 - 다음 날 00:40 (라스트오더: 00:20) | 수: 12:00 - 다음 날 00:40 (라스트오더: 00:20) | 목: 12:00 - 다음 날 00:40 (라스트오더: 00:20) | 금: 12:00 - 다음 날 00:40 (라스트오더: 00:20) | 토: 12:00 - 다음 날 00:40 (라스트오더: 00:20) | 일: 15:00 - 다음 날 00:40 (라스트오더: 00:20)
서울깍두기 전북대점,2088731895,"곰탕,설렁탕",전북 전주시 덕진구 명륜4길 25 1층,0507-1487-2160,0.0,https://search.pstatic.net/common/?autoRotate=true&type=w278_sharpen&src=https%3A%2F%2Fldb-phinf.pstatic.net%2F20250605_72%2F1749103560168I6oTU_PNG%2F%25C1%25A6%25B8%25F1%25C0%25BB-%25C0%25D4%25B7%25C2%25C7%25D8%25C1%25D6%25BC%25BC%25BF%25E4_-001_%252834%2529.png,단체 이용 가능_포장_배달_예약_무선 인터넷_남/녀 화장실 구분_유아의자,가능,월: 00:00 - 24:00 | 화: 00:00 - 24:00 | 수: 00:00 - 24:00 | 목: 00:00 - 24:00 | 금: 00:00 - 24:00 | 토: 00:00 - 24:00 | 일: 00:00 - 24:00
"평화와평화, 구내매점",2064186940,"카페,디저트",전북 전주시 덕진구 명륜4길 6 3층,0507-1410-9340,0.0,https://search.pstatic.net/common/?autoRotate=true&type=w560_sharpen&src=https%3A%2F%2Fldb-phinf.pstatic.net%2F20251004_246%2F175953889463629qtc_JPEG%2FKakaoTalk_Photo_2025-10-04-09-36-46_006.jpeg,핸드드립_로스터리_테이크아웃 할인_단체 이용 가능_포장_배달_예약_남/녀 화장실 구분_대기공간_무선 인터넷,가능,월: 11:00 - 22:00 | 화: 11:00 - 22:00 | 수: 11:00 - 22:00 | 목: 11:00 - 22:00 | 금: 11:00 - 22:00 | 토: 11:00 - 22:00 | 일: 11:00 - 22:00
만배식탁 전북대점,1379201438,한식,전북 전주시 덕진구 명륜5길 20 2 1층 만배식탁,0507-1406-3522,0.0,https://search.pstatic.net/common/?autoRotate=true&type=w560_sharpen&src=https%3A%2F%2Fldb-phinf.pstatic.net%2F20250627_29%2F1751000056801rGGp8_JPEG%2F%25C0%25FC%25BA%25CF%25B4%25EB_%25B3%25D7%25C0%25CC%25B9%25F6%25C7%25C3%25B7%25B9%25C0%25CC%25BD%25BA_%25B4%25EB%25C7%25A5%25BB%25E7%25C1%25F8.jpg,단체 이용 가능_포장_배달_예약_남/녀 화장실 구분_대기공간_무선 인터넷,불가,월: 10:00 - 22:00 (라스트오더: 21:30) | 화: 10:00 - 22:00 (라스트오더: 21:30) | 수: 10:00 - 22:00 (라스트오더: 21:30) | 목: 10:00 - 22:00 (라스트오더: 21:30) | 금: 10:00 - 22:00 (라스트오더: 21:30) | 토: 10:00 - 22:00 (라스트오더: 21:30) | 일: 10:00 - 22:00 (라스트오더: 21:30)
오일내 전북대점,1742540837,돼지고기구이,전북 전주시 덕진구 명륜3길 20 2층,0507-1354-6476,0.0,https://search.pstatic.net/common/?autoRotate=true&type=w560_sharpen&src=https%3A%2F%2Fldb-phinf.pstatic.net%2F20240906_217%2F1725598609855bfzFx_JPEG%2F1000006054.jpg,단체 이용 가능_예약_유아의자_남/녀 화장실 구분_무선 인터넷,가능,월: 11:00 - 24:00 (라스트오더: 23:30) | 화: 11:00 - 24:00 (라스트오더: 23:30) | 수: 11:00 - 24:00 (라스트오더: 23:30) | 목: 11:00 - 24:00 (라스트오더: 23:30) | 금: 11:00 - 24:00 (라스트오더: 23:30) | 토: 11:00 - 24:00 (라스트오더: 23:30) | 일: 11:00 - 24:00 (라스트오더: 23:30)
고기듬뿍 국물두루치기 본점,1219346271,한식,전북 전주시 덕진구 명륜4길 18 9 덕진동1가 1층 고기듬뿍국물두루치기 본점,0507-1435-4140,0.0,https://search.pstatic.net/common/?autoRotate=true&type=w560_sharpen&src=https%3A%2F%2Fldb-phinf.pstatic.net%2F20250613_295%2F1749803096632BYGIf_PNG%2F210%25C8%25A3%25C1%25A1.png,생일 혜택_콜키지 가능유료_테이크아웃 할인_단체 이용 가능_포장_배달_예약_무선 인터넷_남/녀 화장실 구분_대기공간_화장실 휠체어 이용가능_출입구 휠체어 이용가능_좌석 휠체어 이용가능,가능,"월: 11:00 - 22:00 (브레이크타임: 15:00 - 16:00, 라스트오더: 21:20) | 화: 11:00 - 22:00 (브레이크타임: 15:00 - 16:00, 라스트오더: 21:20) | 수: 11:00 - 22:00 (브레이크타임: 15:00 - 16:00, 라스트오더: 21:20) | 목: 11:00 - 22:00 (브레이크타임: 15:00 - 16:00, 라스트오더: 21:20) | 금: 11:00 - 22:00 (브레이크타임: 15:00 - 16:00, 라스트오더: 21:20) | 토: 11:00 - 22:00 (브레이크타임: 15:00 - 16:00, 라스트오더: 21:20) | 일: 11:00 - 22:00 (브레이크타임: 15:00 - 16:00, 라스트오더: 21:20)"
우노스,1530011364,베이커리,전북 전주시 덕진구 권삼득로 350 우노스,0507-1314-7181,4.4,https://search.pstatic.net/common/?autoRotate=true&type=w560_sharpen&src=https%3A%2F%2Fldb-phinf.pstatic.net%2F20250118_249%2F1737182917830ic4m6_JPEG%2FIMG_0498.jpeg,테이크아웃 할인_비건 메뉴_유기농 메뉴_포장_무선 인터넷,가능,월: 09:00 - 18:00 | 화: 09:00 - 18:00 | 수: 09:00 - 18:00 | 목: 09:00 - 18:00 | 금: 09:00 - 18:00 | 토: 09:00 - 18:00 | 일: 09:00 - 18:00
코지버거,1496549723,햄버거,전북 전주시 덕진구 명륜3길 9 4 1층,063-902-9593,0.0,https://search.pstatic.net/common/?autoRotate=true&type=w560_sharpen&src=https%3A%2F%2Fldb-phinf.pstatic.net%2F20260312_269%2F1773241787454895th_JPEG%2FIMG_2871.jpeg,포장_배달_무선 인터넷,불가,월: 11:00 - 21:00 (브레이크타임: 15:00 - 17:00) | 화: 11:00 - 21:00 (브레이크타임: 15:00 - 17:00) | 수: 11:00 - 21:00 (브레이크타임: 15:00 - 17:00) | 목: 11:00 - 21:00 (브레이크타임: 15:00 - 17:00) | 금: 11:00 - 21:00 (브레이크타임: 15:00 - 17:00) | 토: 11:00 - 21:00 | 일: 11:00 - 21:00
이너프샐러드 전북대 본점,1534410624,"다이어트,샐러드",전북 전주시 덕진구 명륜4길 21 1,0507-1430-4547,4.68,https://search.pstatic.net/common/?autoRotate=true&type=w560_sharpen&src=https%3A%2F%2Fldb-phinf.pstatic.net%2F20240816_178%2F1723787276947h6V0J_JPEG%2F3D6A2887.jpg,비건 메뉴_포장_배달_대기공간,불가,월: 08:00 - 20:00 (브레이크타임: 14:00 - 15:00) | 화: 08:00 - 20:00 (브레이크타임: 14:00 - 15:00) | 수: 08:00 - 20:00 (브레이크타임: 14:00 - 15:00) | 목: 08:00 - 20:00 (브레이크타임: 14:00 - 15:00) | 금: 08:00 - 20:00 (브레이크타임: 14:00 - 15:00) | 토: 08:00 - 19:30 (브레이크타임: 14:00 - 15:00) | 일: 08:00 - 19:30 (브레이크타임: 14:00 - 15:00)
효자동 스테이크펍,1036508971,양식,전북 전주시 완산구 송정중앙로 62 스테이크펍,0507-1368-9875,0.0,https://search.pstatic.net/common/?autoRotate=true&type=w560_sharpen&src=https%3A%2F%2Fldb-phinf.pstatic.net%2F20260214_238%2F1771071198851AEamO_PNG%2F1000070196.png,콜키지 가능유료_테이크아웃 할인_단체 이용 가능_포장_배달_예약_무선 인터넷_남/녀 화장실 구분_방문접수/출장_\반려동물 동반_유아의자_대기공간_출입구 휠체어 이용가능_좌석 휠체어 이용가능,가능,월: 11:00 - 21:00 (브레이크타임: 15:00 - 17:00) | 화: 11:00 - 21:00 (브레이크타임: 15:00 - 17:00) | 수: 17:00 - 21:00 | 목: 11:00 - 21:00 (브레이크타임: 15:00 - 17:00) | 금: 11:00 - 21:00 (브레이크타임: 15:00 - 17:00) | 토: 11:00 - 21:00 (브레이크타임: 15:00 - 17:00) | 일: 17:00 - 21:00
카페타이니하우스,1003090099,"카페,디저트",전북 전주시 덕진구 전주천동로 473 르네블루빌딩 1층 카페타이니하우스,0507-1316-1409,0.0,https://search.pstatic.net/common/?autoRotate=true&type=w560_sharpen&src=https%3A%2F%2Fldb-phinf.pstatic.net%2F20260529_46%2F1780021704069IITlF_JPEG%2F2313836C-88CA-4660-A581-3768CF7C5235.jpg,포장_남/녀 화장실 구분_단체 이용 가능_대기공간_예약_배달_화장실 휠체어 이용가능_출입구 휠체어 이용가능_좌석 휠체어 이용가능,가능,월: 08:30 - 18:00 (라스트오더: 17:45) | 화: 08:30 - 18:00 (라스트오더: 17:45) | 수: 08:30 - 18:00 (라스트오더: 17:45) | 목: 08:30 - 18:00 (라스트오더: 17:45) | 금: 08:30 - 18:00 (라스트오더: 17:45) | 토: 09:00 - 18:00 (라스트오더: 17:45) | 일: 09:00 - 18:00 (라스트오더: 17:45)
만만 전북대점,2065226658,요리주점,전북 전주시 덕진구 명륜3길 18 5 1층,0507-1328-7610,0.0,https://search.pstatic.net/common/?autoRotate=true&type=w278_sharpen&src=https%3A%2F%2Fldb-phinf.pstatic.net%2F20260425_60%2F1777050892768JdKJg_JPEG%2F%25B4%25D9%25BF%25EE%25B7%25CE%25B5%25E5_%25286%2529.jpg,생일 혜택_단체 이용 가능_예약_무선 인터넷_남/녀 화장실 구분,불가,월: 17:00 - 다음 날 05:00 | 화: 17:00 - 다음 날 05:00 | 수: 17:00 - 다음 날 05:00 | 목: 17:00 - 다음 날 05:00 | 금: 17:00 - 다음 날 05:00 | 토: 17:00 - 다음 날 05:00 | 일: 17:00 - 다음 날 05:00
통집,17474756,한식,전북 전주시 덕진구 삼송1길 35,063-277-8454,0.0,https://search.pstatic.net/common/?autoRotate=true&type=w560_sharpen&src=https%3A%2F%2Fldb-phinf.pstatic.net%2F20200519_83%2F1589827136900jKVyd_JPEG%2Fmwwu4wBBNZoo8RnFIpDLyP6E.jpeg.jpg,단체 이용 가능_포장_남/녀 화장실 구분,불가,월: 10:30 - 다음 날 02:00 | 화: 10:30 - 다음 날 02:00 | 수: 10:30 - 다음 날 02:00 | 목: 10:30 - 다음 날 02:00 | 금: 10:30 - 다음 날 02:00 | 토: 10:30 - 다음 날 02:00 | 일: 17:00 - 24:00
금암소바,17122958,"우동,소바",전북 전주시 덕진구 기린대로 400 75 금암소바,0507-1341-0945,0.0,https://search.pstatic.net/common/?autoRotate=true&type=w560_sharpen&src=https%3A%2F%2Fldb-phinf.pstatic.net%2F20190429_65%2F15565044973327q2gl_JPEG%2FSYYFDrMpjVPW7h5I7LXzut9y.jpeg.jpg,남/녀 화장실 구분,가능,월: 11:00 - 19:30 (라스트오더: 19:00) | 화: 정기휴무 | 수: 11:00 - 19:30 (라스트오더: 19:00) | 목: 11:00 - 19:30 (라스트오더: 19:00) | 금: 11:00 - 19:30 (라스트오더: 19:00) | 토: 11:00 - 19:30 (라스트오더: 19:00) | 일: 11:00 - 19:30 (라스트오더: 19:00)
에그하우스,2049748405,오므라이스,전북 전주시 덕진구 권삼득로 319 1 1층,0507-1308-9673,0.0,https://search.pstatic.net/common/?autoRotate=true&type=w278_sharpen&src=https%3A%2F%2Fldb-phinf.pstatic.net%2F20260512_75%2F17785461249458OTFP_JPEG%2F%25BB%25E7%25C1%25F81.jpg,무선 인터넷_유아의자_포장_배달_단체 이용 가능,가능,"월: 11:00 - 21:00 (브레이크타임: 15:00 - 16:30, 라스트오더: 20:30) | 화: 11:00 - 21:00 (브레이크타임: 15:00 - 16:30, 라스트오더: 20:30) | 수: 11:00 - 21:00 (브레이크타임: 15:00 - 16:30, 라스트오더: 20:30) | 목: 11:00 - 21:00 (브레이크타임: 15:00 - 16:30, 라스트오더: 20:30) | 금: 11:00 - 21:00 (브레이크타임: 15:00 - 16:30, 라스트오더: 20:30) | 토: 11:00 - 21:00 (브레이크타임: 15:00 - 16:30, 라스트오더: 20:30) | 일: 11:00 - 21:00 (브레이크타임: 15:00 - 16:30, 라스트오더: 20:30)"
멘야케이 금암본점,375214427,일본식라면,전북 전주시 덕진구 떡전4길 18 멘야케이,0507-1375-2365,4.52,https://search.pstatic.net/common/?autoRotate=true&type=w278_sharpen&src=https%3A%2F%2Fldb-phinf.pstatic.net%2F20260531_153%2F1780215655573dyikt_JPEG%2FKakaoTalk_20260531_135129929.jpg,무선 인터넷_포장_배달,불가,월: 11:00 - 21:00 (라스트오더: 20:30) | 화: 11:00 - 21:00 (라스트오더: 20:30) | 수: 11:00 - 21:00 (라스트오더: 20:30) | 목: 11:00 - 21:00 (라스트오더: 20:30) | 금: 11:00 - 21:00 (라스트오더: 20:30) | 토: 11:00 - 21:00 (라스트오더: 20:30) | 일: 11:00 - 21:00 (라스트오더: 20:30)
The담다,1729691935,돈가스,전북 전주시 덕진구 권삼득로 333 원플러스빌딩 1층,063-275-7778,0.0,https://search.pstatic.net/common/?autoRotate=true&type=w560_sharpen&src=https%3A%2F%2Fldb-phinf.pstatic.net%2F20171020_79%2F1508427327501V7TCc_JPEG%2FhK8Q6jI_d9TuGSmsWbddGCmc.jpg,포장_무선 인터넷_남/녀 화장실 구분,가능,"월: 11:00 - 20:50 (브레이크타임: 14:30 - 17:00, 라스트오더: 20:20) | 화: 11:00 - 20:50 (브레이크타임: 14:30 - 17:00, 라스트오더: 20:20) | 수: 11:00 - 20:50 (브레이크타임: 14:30 - 17:00, 라스트오더: 20:20) | 목: 11:00 - 20:50 (브레이크타임: 14:30 - 17:00, 라스트오더: 20:20) | 금: 11:00 - 20:50 (브레이크타임: 14:30 - 17:00, 라스트오더: 20:20) | 토: 11:00 - 20:50 (브레이크타임: 14:30 - 17:00, 라스트오더: 20:20) | 일: 11:00 - 20:50 (브레이크타임: 14:30 - 17:00, 라스트오더: 20:20)"
치히로 전북대점,1446516924,일식당,전북 전주시 덕진구 권삼득로 305 1,070-8287-0913,0.0,https://search.pstatic.net/common/?autoRotate=true&type=w560_sharpen&src=https%3A%2F%2Fldb-phinf.pstatic.net%2F20230111_101%2F1673435874183uiuX1_JPEG%2F%25B4%25EB%25B9%25AE.jpg,예약_포장,불가,월: 11:00 - 21:00 (브레이크타임: 15:00 - 17:00) | 화: 11:00 - 21:00 (브레이크타임: 15:00 - 17:00) | 수: 11:00 - 21:00 (브레이크타임: 15:00 - 17:00) | 목: 11:00 - 21:00 (브레이크타임: 15:00 - 17:00) | 금: 11:00 - 21:00 (브레이크타임: 15:00 - 17:00) | 토: 11:00 - 21:00 (브레이크타임: 15:00 - 17:00) | 일: 11:00 - 21:00 (브레이크타임: 15:00 - 17:00)
메르밀진미집 금암동직영점,34825919,국수,전북 전주시 덕진구 권삼득로 202,063-276-4020,4.23,https://search.pstatic.net/common/?autoRotate=true&type=w560_sharpen&src=https%3A%2F%2Fldb-phinf.pstatic.net%2F20260531_232%2F1780215958079oFyI0_JPEG%2F2026_6%25BF%25F9_7%25BF%25F9_%25C0%25DA%25BB%25F6%25B0%25ED%25B1%25B8%25B8%25B6_%25C4%25E1%25B1%25B9%25BC%25F6___%25B0%25F8%25C1%25F6%25BF%25EB.jpg,테이크아웃 할인_단체 이용 가능_포장_배달_예약_남/녀 화장실 구분_무선 인터넷_유아의자_\반려동물 동반_대기공간_장애인 주차구역,가능,월: 10:00 - 20:00 (라스트오더: 19:30) | 화: 10:00 - 20:00 (라스트오더: 19:30) | 수: 10:00 - 20:00 (라스트오더: 19:30) | 목: 10:00 - 20:00 (라스트오더: 19:30) | 금: 10:00 - 20:00 (라스트오더: 19:30) | 토: 10:00 - 20:00 (라스트오더: 19:30) | 일: 10:00 - 20:00 (라스트오더: 19:30)
계근상 전북대점,2012739239,닭볶음탕,전북 전주시 덕진구 명륜4길 11 1 계근상,0507-1385-9111,0.0,https://search.pstatic.net/common/?autoRotate=true&type=w560_sharpen&src=https%3A%2F%2Fldb-phinf.pstatic.net%2F20260524_121%2F1779595363459cre6q_JPEG%2F72643.jpg,콜키지 가능무료_무한 리필_단체 이용 가능_포장_배달_남/녀 화장실 구분_무선 인터넷,불가,월: 00:00 - 24:00 | 화: 00:00 - 24:00 | 수: 00:00 - 24:00 | 목: 00:00 - 24:00 | 금: 00:00 - 24:00 | 토: 00:00 - 24:00 | 일: 00:00 - 24:00
투썸플레이스 전주전북대점,32708547,카페,전북 전주시 덕진구 권삼득로 307,0507-1304-2388,0.0,https://search.pstatic.net/common/?autoRotate=true&type=w560_sharpen&src=https%3A%2F%2Fldb-phinf.pstatic.net%2F20231024_28%2F1698116956974WBAFd_JPEG%2F1000011006.jpg,예약_무선 인터넷,불가,월: 10:00 - 22:00 | 화: 10:00 - 22:00 | 수: 10:00 - 22:00 | 목: 10:00 - 22:00 | 금: 10:00 - 22:00 | 토: 10:00 - 22:00 | 일: 10:00 - 22:00
한국관 본점,11728244,비빔밥,전북 전주시 덕진구 기린대로 425,063-272-9229,4.34,https://search.pstatic.net/common/?autoRotate=true&type=w560_sharpen&src=https%3A%2F%2Fldb-phinf.pstatic.net%2F20160705_64%2F1467710121086DgfMY_JPEG%2F1.jpg,편의시설 정보 없음,가능,월: 11:30 - 20:30 (브레이크타임: 16:00 - 17:00) | 화: 11:30 - 20:30 (브레이크타임: 16:00 - 17:00) | 수: 11:30 - 20:30 (브레이크타임: 16:00 - 17:00) | 목: 11:30 - 20:30 (브레이크타임: 16:00 - 17:00) | 금: 11:30 - 20:30 (브레이크타임: 16:00 - 17:00) | 토: 11:30 - 20:30 (브레이크타임: 16:00 - 17:00) | 일: 11:30 - 20:30 (브레이크타임: 16:00 - 17:00)
도야짬뽕 전북대점,1195097272,중식당,전북 전주시 덕진구 명륜4길 20 2층,0507-1413-5009,0.0,https://search.pstatic.net/common/?autoRotate=true&type=w560_sharpen&src=https%3A%2F%2Fldb-phinf.pstatic.net%2F20240818_108%2F1723966588368sNNo2_JPEG%2FA9Y03902.jpg,무한 리필_단체 이용 가능_포장_배달_예약_무선 인터넷_남/녀 화장실 구분_유아의자,불가,"월: 10:50 - 다음 날 02:30 (라스트오더: 02:00) | 화: 10:50 - 다음 날 02:30 (브레이크타임: 21:00 - 22:00, 라스트오더: 02:00) | 수: 10:50 - 다음 날 02:30 (라스트오더: 02:00) | 목: 10:50 - 다음 날 02:30 (라스트오더: 02:00) | 금: 10:50 - 다음 날 02:30 (라스트오더: 02:00) | 토: 10:50 - 다음 날 02:30 (라스트오더: 02:00) | 일: 10:50 - 다음 날 02:30 (라스트오더: 02:00)"
순정닭발 전북대점,95978698,닭발,전북 전주시 덕진구 명륜5길 18,0507-1434-5889,4.42,https://search.pstatic.net/common/?autoRotate=true&type=w560_sharpen&src=https%3A%2F%2Fldb-phinf.pstatic.net%2F20240418_252%2F1713423620411cgh8I_JPEG%2FIMG_9039.jpeg,단체 이용 가능_포장_배달_무선 인터넷_\반려동물 동반,불가,월: 16:00 - 다음 날 02:00 | 화: 16:00 - 다음 날 02:00 | 수: 16:00 - 다음 날 02:00 | 목: 16:00 - 다음 날 02:00 | 금: 16:00 - 다음 날 02:00 | 토: 16:00 - 다음 날 02:00 | 일: 16:00 - 다음 날 02:00
뉴뉴키친,1687072934,양식,전북 전주시 덕진구 권삼득로 311 1층,0507-1328-9775,0.0,https://search.pstatic.net/common/?autoRotate=true&type=w560_sharpen&src=https%3A%2F%2Fldb-phinf.pstatic.net%2F20260423_256%2F1776915141149BDCnV_JPEG%2FIMG_8959.jpeg,편의시설 정보 없음,가능,월: 11:00 - 21:00 (라스트오더: 20:15) | 화: 11:00 - 21:00 (라스트오더: 20:15) | 수: 11:00 - 21:00 (라스트오더: 20:15) | 목: 11:00 - 21:00 (라스트오더: 20:15) | 금: 11:00 - 21:00 (라스트오더: 20:15) | 토: 11:00 - 21:00 (라스트오더: 20:15) | 일: 11:00 - 21:00 (라스트오더: 20:15)
태평집,13163796,국수,전북 전주시 덕진구 조경단로 3 6,063-255-2252,0.0,https://search.pstatic.net/common/?autoRotate=true&type=w560_sharpen&src=https%3A%2F%2Fldb-phinf.pstatic.net%2F20150831_27%2F1441000643620kmd0h_JPEG%2FSUBMIT_1430376803921_13163796.jpg,편의시설 정보 없음,가능,월: 정기휴무 | 화: 10:30 - 15:00 (라스트오더: 14:45) | 수: 10:30 - 15:00 (라스트오더: 14:45) | 목: 10:30 - 15:00 (라스트오더: 14:45) | 금: 10:30 - 15:00 (라스트오더: 14:45) | 토: 10:30 - 15:00 (라스트오더: 14:45) | 일: 10:30 - 15:00 (라스트오더: 14:45)
가마,34006669,양식,전북 전주시 완산구 전주객사4길 74 2층 가마,0507-1309-8521,4.67,https://search.pstatic.net/common/?autoRotate=true&type=w560_sharpen&src=https%3A%2F%2Fldb-phinf.pstatic.net%2F20260309_40%2F1773031718705T0Ifb_JPEG%2FP20260227_132034672_502321F5-DB07-4B2A-8CBC-C996E40E0FC3.jpg,예약_포장_무선 인터넷_남/녀 화장실 구분_단체 이용 가능_유아의자_대기공간_장애인 주차구역,가능,"월: 11:30 - 22:00 (브레이크타임: 15:00 - 16:30, 라스트오더: 21:10) | 화: 11:30 - 22:00 (브레이크타임: 15:00 - 16:30, 라스트오더: 21:10) | 수: 11:30 - 22:00 (브레이크타임: 15:00 - 16:30, 라스트오더: 21:10) | 목: 11:30 - 22:00 (브레이크타임: 15:00 - 16:30, 라스트오더: 21:10) | 금: 11:30 - 22:00 (브레이크타임: 15:00 - 16:30, 라스트오더: 21:10) | 토: 11:30 - 22:00 (브레이크타임: 15:00 - 16:30, 라스트오더: 21:10) | 일: 11:30 - 22:00 (브레이크타임: 15:00 - 16:30, 라스트오더: 21:10)"
양반가,11782597,한정식,전북 전주시 완산구 최명희길 30 2,063-282-0054,4.01,https://search.pstatic.net/common/?autoRotate=true&type=w560_sharpen&src=https%3A%2F%2Fldb-phinf.pstatic.net%2F20240420_294%2F1713544695636uc4dE_JPEG%2F1713544556488.jpg,콜키지 가능유료_유기농 메뉴_비건 메뉴_단체 이용 가능_남/녀 화장실 구분_무선 인터넷_예약_포장_대기공간_출입구 휠체어 이용가능_좌석 휠체어 이용가능,불가,월: 11:00 - 21:00 (브레이크타임: 15:00 - 17:00) | 화: 정기휴무 | 수: 11:00 - 21:00 (브레이크타임: 15:00 - 17:00) | 목: 11:00 - 21:00 (브레이크타임: 15:00 - 17:00) | 금: 11:00 - 21:00 (브레이크타임: 15:00 - 17:00) | 토: 11:00 - 21:00 (브레이크타임: 15:00 - 17:00) | 일: 정기휴무
정희 전주한옥마을점,2052033549,한식,전북 전주시 완산구 은행로 40 정희 전주 한옥마을점,0507-1386-5099,0.0,https://search.pstatic.net/common/?autoRotate=true&type=w560_sharpen&src=https%3A%2F%2Fldb-phinf.pstatic.net%2F20260226_35%2F1772087313017Co3pN_PNG%2F%25BD%25BA%25C5%25A9%25B8%25B0%25BC%25A6_2026-01-20_162910.png,무선 인터넷_유아의자_남/녀 화장실 구분,가능,"월: 11:00 - 21:00 (브레이크타임: 15:00 - 17:00, 라스트오더: 20:20) | 화: 11:00 - 21:00 (브레이크타임: 15:00 - 17:00, 라스트오더: 20:20) | 수: 11:00 - 21:00 (브레이크타임: 15:00 - 17:00, 라스트오더: 20:20) | 목: 11:00 - 21:00 (브레이크타임: 15:00 - 17:00, 라스트오더: 20:20) | 금: 11:00 - 21:00 (브레이크타임: 15:00 - 17:00, 라스트오더: 20:20) | 토: 11:00 - 21:00 (브레이크타임: 15:30 - 17:00, 라스트오더: 20:20) | 일: 11:00 - 21:00 (브레이크타임: 15:30 - 17:00, 라스트오더: 20:20)"
메르밀진미집 본점,19545775,국수,전북 전주시 완산구 전주천동로 94 메르밀진미집 본점,063-288-4020,4.27,https://search.pstatic.net/common/?autoRotate=true&type=w560_sharpen&src=https%3A%2F%2Fldb-phinf.pstatic.net%2F20260531_121%2F1780215939923s1yXk_JPEG%2F2026_6%25BF%25F9_7%25BF%25F9_%25C0%25DA%25BB%25F6%25B0%25ED%25B1%25B8%25B8%25B6_%25C4%25E1%25B1%25B9%25BC%25F6___%25B0%25F8%25C1%25F6%25BF%25EB.jpg,예약_단체 이용 가능_포장_배달_남/녀 화장실 구분_무선 인터넷_\반려동물 동반_유아의자_대기공간_화장실 휠체어 이용가능_출입구 휠체어 이용가능_좌석 휠체어 이용가능,가능,월: 10:00 - 20:00 (라스트오더: 19:30) | 화: 10:00 - 20:00 (라스트오더: 19:30) | 수: 10:00 - 20:00 (라스트오더: 19:30) | 목: 10:00 - 20:00 (라스트오더: 19:30) | 금: 10:00 - 20:00 (라스트오더: 19:30) | 토: 10:00 - 20:00 (라스트오더: 19:30) | 일: 10:00 - 20:00 (라스트오더: 19:30)
포스트빈,1152003157,"카페,디저트",전북 전주시 완산구 은행로 49,063-282-6007,0.0,https://search.pstatic.net/common/?autoRotate=true&type=w560_sharpen&src=https%3A%2F%2Fldb-phinf.pstatic.net%2F20240522_140%2F1716355111297zQlXS_JPEG%2FKakaoTalk_20240516_140908625_02.jpg,단체 이용 가능_포장_예약_무선 인터넷_남/녀 화장실 구분,불가,월: 09:00 - 22:00 | 화: 09:00 - 22:00 | 수: 09:00 - 22:00 | 목: 09:00 - 22:00 | 금: 09:00 - 22:00 | 토: 09:00 - 22:00 | 일: 09:00 - 22:00
카페1938,1317484628,"카페,디저트",전북 전주시 완산구 어진길 78 카페1938,0507-1425-3124,0.0,https://search.pstatic.net/common/?autoRotate=true&type=w560_sharpen&src=https%3A%2F%2Fldb-phinf.pstatic.net%2F20251121_8%2F1763690510566A04dA_JPEG%2FKHS_5824_%25C1%25A4%25BB%25E7%25B0%25A2%25C7%25FC.jpeg,단체 이용 가능_예약_남/녀 화장실 구분_무선 인터넷_\반려동물 동반,가능,월: 09:00 - 23:00 | 화: 09:00 - 23:00 | 수: 09:00 - 23:00 | 목: 09:00 - 23:00 | 금: 09:00 - 23:00 | 토: 09:00 - 23:00 | 일: 08:30 - 22:30
카페이르리,1111317495,"카페,디저트",전북 전주시 완산구 은행로 69,0507-1363-1528,4.45,https://search.pstatic.net/common/?autoRotate=true&type=w560_sharpen&src=https%3A%2F%2Fldb-phinf.pstatic.net%2F20240827_171%2F1724740816376ml9Eb_JPEG%2FKakaoTalk_20240827_153732548_11.jpg,단체 이용 가능_남/녀 화장실 구분,가능,월: 09:00 - 23:00 (라스트오더: 22:30) | 화: 09:00 - 23:00 (라스트오더: 22:30) | 수: 09:00 - 23:00 (라스트오더: 22:30) | 목: 09:00 - 23:00 (라스트오더: 22:30) | 금: 09:00 - 23:00 (라스트오더: 22:30) | 토: 09:00 - 23:00 (라스트오더: 22:30) | 일: 09:00 - 23:00 (라스트오더: 22:30)
PNB 풍년제과 본점,16784383,베이커리,전북 전주시 완산구 팔달로 180,0507-1426-6666,4.37,https://search.pstatic.net/common/?autoRotate=true&type=w560_sharpen&src=https%3A%2F%2Fldb-phinf.pstatic.net%2F20160921_216%2F1474419723827S9GVI_JPEG%2F176871503223614_0.jpeg,무선 인터넷,가능,월: 08:00 - 22:00 | 화: 08:00 - 22:00 | 수: 08:00 - 22:00 | 목: 08:00 - 22:00 | 금: 08:00 - 22:00 | 토: 08:00 - 22:00 | 일: 08:00 - 22:00
원스타임오프 전주한옥마을점,1142633504,"카페,디저트",전북 전주시 완산구 전라감영로 75 원스타임오프,0507-1323-2584,0.0,https://search.pstatic.net/common/?autoRotate=true&type=w560_sharpen&src=https%3A%2F%2Fldb-phinf.pstatic.net%2F20260325_118%2F1774402384675kQyMB_PNG%2F12788.png,테이크아웃 할인_단체 이용 가능_포장_무선 인터넷_예약_배달_남/녀 화장실 구분,가능,월: 09:00 - 19:00 (라스트오더: 18:30) | 화: 09:00 - 19:00 (라스트오더: 18:30) | 수: 09:00 - 19:00 (라스트오더: 18:30) | 목: 09:00 - 19:00 (라스트오더: 18:30) | 금: 09:00 - 19:00 (라스트오더: 18:30) | 토: 09:00 - 21:00 (라스트오더: 20:30) | 일: 09:00 - 21:00 (라스트오더: 20:30)
풍년제과 본점,33277058,베이커리,전북 전주시 완산구 팔달로 141 풍년제과 본점,063-231-3366,4.42,https://search.pstatic.net/common/?autoRotate=true&type=w560_sharpen&src=https%3A%2F%2Fldb-phinf.pstatic.net%2F20260603_95%2F1780472465688kGafy_JPEG%2FKakaoTalk_20260602_165634405_01.jpg,포장_배달_단체 이용 가능_무선 인터넷_남/녀 화장실 구분_화장실 휠체어 이용가능_장애인 주차구역,가능,월: 08:00 - 22:00 (라스트오더: 21:00) | 화: 08:00 - 22:00 (라스트오더: 21:00) | 수: 08:00 - 22:00 (라스트오더: 21:00) | 목: 08:00 - 22:00 (라스트오더: 21:00) | 금: 08:00 - 22:00 (라스트오더: 21:00) | 토: 08:00 - 22:00 (라스트오더: 21:00) | 일: 08:00 - 22:00 (라스트오더: 21:00)
전주는전주 전주한옥마을 본점,1694616852,한식,전북 전주시 완산구 태조로 31 1층 2층,0507-1369-4405,0.0,https://search.pstatic.net/common/?autoRotate=true&type=w278_sharpen&src=https%3A%2F%2Fnaverbooking-phinf.pstatic.net%2F20240108_88%2F1704700336373NUWac_JPEG%2FDSC08583.jpg,비건 메뉴_단체 이용 가능_예약_무선 인터넷_포장_남/녀 화장실 구분_유아의자_출입구 휠체어 이용가능,불가,월: 11:00 - 23:00 (라스트오더: 22:10) | 화: 11:00 - 23:00 (라스트오더: 22:10) | 수: 11:00 - 23:00 (라스트오더: 22:10) | 목: 11:00 - 23:00 (라스트오더: 22:10) | 금: 11:00 - 23:00 (라스트오더: 22:10) | 토: 11:00 - 23:00 (라스트오더: 22:10) | 일: 11:00 - 23:00 (라스트오더: 22:10)
베테랑 칼국수,1246677842,종합분식,전북 전주시 완산구 경기전길 135,063-285-9898,0.0,https://search.pstatic.net/common/?autoRotate=true&type=w560_sharpen&src=https%3A%2F%2Fldb-phinf.pstatic.net%2F20210110_298%2F16102184769318mwxQ_JPEG%2FhHd25L6MhM7NUuIGw6fNp704.jpeg.jpg,편의시설 정보 없음,가능,월: 09:00 - 20:00 | 화: 09:00 - 20:00 | 수: 09:00 - 20:00 | 목: 09:00 - 20:00 | 금: 09:00 - 20:00 | 토: 09:00 - 20:00 | 일: 09:00 - 20:00
구프오프 전주본점,1848527934,양식,전북 전주시 완산구 천경로 27 1 구프오프,0507-1382-1677,4.77,https://search.pstatic.net/common/?autoRotate=true&type=w560_sharpen&src=https%3A%2F%2Fldb-phinf.pstatic.net%2F20250503_217%2F1746237024389tMMTB_JPEG%2F1000021627.jpg,와인 페어링_콜키지 가능유료_단체 이용 가능_무선 인터넷_남/녀 화장실 구분_포장_배달_예약_유아의자_대기공간_좌석 휠체어 이용가능,가능,"월: 11:00 - 21:00 (브레이크타임: 15:30 - 17:00, 라스트오더: 14:30, 20:00) | 화: 11:00 - 21:00 (브레이크타임: 15:30 - 17:00, 라스트오더: 14:30, 20:00) | 수: 11:00 - 21:00 (브레이크타임: 15:30 - 17:00, 라스트오더: 14:30, 20:00) | 목: 11:00 - 21:00 (브레이크타임: 15:30 - 17:00, 라스트오더: 14:30, 20:00) | 금: 11:00 - 21:00 (브레이크타임: 15:30 - 17:00, 라스트오더: 14:30, 20:00) | 토: 11:00 - 21:00 (브레이크타임: 16:00 - 17:00, 라스트오더: 15:00, 20:00) | 일: 11:00 - 21:00 (브레이크타임: 16:00 - 17:00, 라스트오더: 15:00, 20:00)"
이탈리돈,1857315164,돈가스,전북 전주시 완산구 간납로 4,1661-8418,0.0,https://search.pstatic.net/common/?autoRotate=true&type=w560_sharpen&src=https%3A%2F%2Fldb-phinf.pstatic.net%2F20251001_207%2F1759292307277reLIu_GIF%2F%25C0%25CC%25C5%25BB%25B8%25AE%25B5%25B7_gif.gif,남/녀 화장실 구분_예약_배달_무선 인터넷_포장,불가,"월: 정기휴무 | 화: 11:00 - 20:30 (브레이크타임: 14:30 - 16:30, 라스트오더: 20:00) | 수: 11:00 - 20:30 (브레이크타임: 14:30 - 16:30, 라스트오더: 20:00) | 목: 11:00 - 20:30 (브레이크타임: 14:30 - 16:30, 라스트오더: 20:00) | 금: 11:00 - 20:30 (브레이크타임: 14:30 - 16:30, 라스트오더: 20:00) | 토: 11:00 - 20:30 (라스트오더: 20:00) | 일: 11:00 - 20:30 (라스트오더: 20:00)"
자매갈비전골,16792504,"육류,고기요리",전북 전주시 완산구 기린대로 121 자매갈비전골,0507-1420-7953,4.34,https://search.pstatic.net/common/?autoRotate=true&type=w560_sharpen&src=https%3A%2F%2Fldb-phinf.pstatic.net%2F20240722_248%2F1721605468763fVNOE_JPEG%2F1721480242290.jpg,단체 이용 가능_예약_포장_남/녀 화장실 구분_무선 인터넷_대기공간_유아의자_방문접수/출장_배달_좌석 휠체어 이용가능,불가,월: 10:30 - 21:00 (브레이크타임: 15:30 - 16:30) | 화: 정기휴무 | 수: 10:30 - 21:00 (브레이크타임: 15:30 - 16:30) | 목: 10:30 - 21:00 (브레이크타임: 15:30 - 16:30) | 금: 10:30 - 21:00 (브레이크타임: 15:30 - 16:30) | 토: 10:30 - 21:00 | 일: 10:30 - 21:00
제일제과,1595618342,베이커리,전북 전주시 완산구 기린대로 123 제일제과,063-286-2828,0.0,https://search.pstatic.net/common/?autoRotate=true&type=w560_sharpen&src=https%3A%2F%2Fldb-phinf.pstatic.net%2F20260123_41%2F1769170572820s1QPA_PNG%2FKakaoTalk_20260123_203833861.png,콜키지 가능유료_와인 페어링_단체 이용 가능_포장_배달_무선 인터넷_남/녀 화장실 구분_대기공간_예약,가능,월: 10:00 - 22:00 (라스트오더: 21:30) | 화: 10:00 - 22:00 (라스트오더: 21:30) | 수: 10:00 - 22:00 (라스트오더: 21:30) | 목: 10:00 - 22:00 (라스트오더: 21:30) | 금: 10:00 - 22:00 (라스트오더: 21:30) | 토: 10:00 - 23:00 (라스트오더: 22:30) | 일: 10:00 - 22:00 (라스트오더: 21:30)
전주왱이콩나물국밥전문점,33342797,국밥,전북 전주시 완산구 동문길 88,063-287-6980,0.0,https://search.pstatic.net/common/?autoRotate=true&type=w560_sharpen&src=https%3A%2F%2Fldb-phinf.pstatic.net%2F20150901_7%2F14410566252572NDae_JPEG%2F146951415372007_0.jpeg,편의시설 정보 없음,가능,월: 07:00 - 21:00 | 화: 07:00 - 21:00 | 수: 07:00 - 21:00 | 목: 07:00 - 21:00 | 금: 07:00 - 21:00 | 토: 07:00 - 21:00 | 일: 07:00 - 21:00
메가MGC커피 전주한옥마을경기전점,1457865014,카페,전북 전주시 완산구 팔달로 128 1층,0507-1431-2886,0.0,https://search.pstatic.net/common/?autoRotate=true&type=w560_sharpen&src=https%3A%2F%2Fldb-phinf.pstatic.net%2F20250413_300%2F1744546280881kmavG_PNG%2F%25B8%25DE%25B0%25A1%25B7%25CE%25B0%25ED.png,편의시설 정보 없음,불가,월: 09:00 - 20:00 | 화: 09:00 - 20:00 | 수: 09:00 - 20:00 | 목: 09:00 - 20:00 | 금: 09:00 - 21:00 | 토: 08:00 - 21:00 | 일: 08:00 - 21:00
한울밥상,36668406,한정식,전북 전주시 완산구 기린대로 104,063-227-4321,0.0,https://search.pstatic.net/common/?autoRotate=true&type=w560_sharpen&src=https%3A%2F%2Fldb-phinf.pstatic.net%2F20211210_110%2F1639117070681Wa4bP_JPEG%2FKakaoTalk_20211210_145321843_05.jpg,예약_단체 이용 가능_남/녀 화장실 구분_무선 인터넷,가능,"월: 10:30 - 21:00 (브레이크타임: 15:00 - 17:00, 라스트오더: 20:00) | 화: 10:30 - 21:00 (브레이크타임: 15:00 - 17:00, 라스트오더: 20:00) | 수: 정기휴무 | 목: 10:30 - 21:00 (브레이크타임: 15:00 - 17:00, 라스트오더: 20:00) | 금: 10:30 - 21:00 (브레이크타임: 15:00 - 17:00, 라스트오더: 20:00) | 토: 10:30 - 21:00 (브레이크타임: 15:00 - 17:00, 라스트오더: 20:00) | 일: 10:30 - 21:00 (브레이크타임: 15:00 - 17:00, 라스트오더: 20:00)"
한국집,16795216,비빔밥,전북 전주시 완산구 어진길 119,0507-1317-2286,4.05,https://search.pstatic.net/common/?autoRotate=true&type=w560_sharpen&src=https%3A%2F%2Fldb-phinf.pstatic.net%2F20151209_77%2F1449632514456FsLOI_JPEG%2F167159527173268_0.jpg,비건 메뉴_단체 이용 가능_포장_무선 인터넷_남/녀 화장실 구분_출입구 휠체어 이용가능_좌석 휠체어 이용가능_장애인 주차구역,가능,월: 09:50 - 20:50 (라스트오더: 20:15) | 화: 09:50 - 20:50 (라스트오더: 20:15) | 수: 09:50 - 20:50 (라스트오더: 20:15) | 목: 09:50 - 20:50 (라스트오더: 20:15) | 금: 09:50 - 20:50 (라스트오더: 20:15) | 토: 09:50 - 20:50 (라스트오더: 20:15) | 일: 09:50 - 20:50 (라스트오더: 20:15)
45년전통비빔밥 종로회관,11540579,비빔밥,전북 전주시 완산구 전동성당길 98,063-288-4578,0.0,https://search.pstatic.net/common/?autoRotate=true&type=w560_sharpen&src=https%3A%2F%2Fldb-phinf.pstatic.net%2F20171027_215%2F1509091765177WdHKe_JPEG%2FZBZAB_OdUE4PGYtqjPj5DP7P.jpg,콜키지 가능유료_비건 메뉴_예약_단체 이용 가능_포장_남/녀 화장실 구분_무선 인터넷_출입구 휠체어 이용가능,가능,월: 10:50 - 20:00 (라스트오더: 19:40) | 화: 10:50 - 20:00 (라스트오더: 19:40) | 수: 10:50 - 20:00 (라스트오더: 19:40) | 목: 10:50 - 20:00 (라스트오더: 19:40) | 금: 10:50 - 20:00 (라스트오더: 19:40) | 토: 10:50 - 20:00 (라스트오더: 19:40) | 일: 10:50 - 20:00 (라스트오더: 19:40)
길거리야 한옥마을점,1705369488,베이커리,전북 전주시 완산구 경기전길 124,063-286-5533,4.42,https://search.pstatic.net/common/?autoRotate=true&type=w560_sharpen&src=https%3A%2F%2Fldb-phinf.pstatic.net%2F20210208_17%2F1612750924387KxDc0_JPEG%2FuCwOCHxuDwUK7nV0ggXDm6YO.jpg,편의시설 정보 없음,가능,월: 09:30 - 21:00 | 화: 09:30 - 21:00 | 수: 09:30 - 21:00 | 목: 09:30 - 21:00 | 금: 09:30 - 21:00 | 토: 09:30 - 21:00 | 일: 09:30 - 21:00
진할머니갈비국밥,1196809444,한식,전북 전주시 완산구 풍남문1길 15,0507-1491-8522,0.0,https://search.pstatic.net/common/?autoRotate=true&type=w560_sharpen&src=https%3A%2F%2Fldb-phinf.pstatic.net%2F20240705_185%2F1720119710102ok8PW_JPEG%2FScreenshot_20240705_035306_NAVER.jpg,단체 이용 가능_포장_남/녀 화장실 구분_무선 인터넷,가능,월: 07:00 - 22:00 (라스트오더: 21:30) | 화: 07:00 - 22:00 (라스트오더: 21:30) | 수: 07:00 - 22:00 (라스트오더: 21:30) | 목: 07:00 - 22:00 (라스트오더: 21:30) | 금: 07:00 - 22:00 (라스트오더: 21:30) | 토: 07:00 - 22:00 (라스트오더: 21:30) | 일: 07:00 - 22:00 (라스트오더: 21:30)
교동석쇠불고기,1547379426,"육류,고기요리",전북 전주시 완산구 은행로 70 교동석쇠불고기,063-285-7989,4.28,https://search.pstatic.net/common/?autoRotate=true&type=w560_sharpen&src=https%3A%2F%2Fldb-phinf.pstatic.net%2F20250317_73%2F17421818805766AM6n_JPEG%2F1000025668.jpg,편의시설 정보 없음,가능,월: 11:00 - 21:00 | 화: 11:00 - 21:00 | 수: 11:00 - 21:00 | 목: 11:00 - 21:00 | 금: 11:00 - 21:00 | 토: 11:00 - 21:00 | 일: 11:00 - 21:00
전주한옥마을전망대카페,1988260686,"카페,디저트",전북 전주시 완산구 어진길 15,063-231-0703,4.16,https://search.pstatic.net/common/?autoRotate=true&type=w560_sharpen&src=https%3A%2F%2Fldb-phinf.pstatic.net%2F20231210_144%2F1702140182326f2VHu_JPEG%2FIMG_0368.JPG,예약_단체 이용 가능,불가,월: 09:00 - 23:00 | 화: 09:00 - 23:00 | 수: 09:00 - 23:00 | 목: 09:00 - 23:00 | 금: 09:00 - 23:00 | 토: 09:00 - 23:00 | 일: 09:00 - 23:00
은우정육식당,1978054842,정육식당,전북 전주시 완산구 홍산중앙로 13 돌핀빌딩 104호,0507-1498-8200,0.0,https://search.pstatic.net/common/?autoRotate=true&type=w560_sharpen&src=https%3A%2F%2Fldb-phinf.pstatic.net%2F20250827_112%2F1756284685116knS0M_JPEG%2FKakaoTalk_20250519_160753161_17.jpg,콜키지 가능무료_단체 이용 가능_포장_유아의자_예약_무선 인터넷_출입구 휠체어 이용가능,가능,"월: 11:30 - 22:00 (브레이크타임: 14:00 - 16:00, 라스트오더: 21:10) | 화: 11:30 - 22:00 (브레이크타임: 14:00 - 16:00, 라스트오더: 21:10) | 수: 11:30 - 22:00 (브레이크타임: 14:00 - 16:00, 라스트오더: 21:10) | 목: 11:30 - 22:00 (브레이크타임: 14:00 - 16:00, 라스트오더: 21:10) | 금: 11:30 - 22:00 (브레이크타임: 14:00 - 16:00, 라스트오더: 21:10) | 토: 12:00 - 22:00 (브레이크타임: 14:00 - 17:00, 라스트오더: 21:10) | 일: 12:00 - 21:00 (브레이크타임: 14:00 - 16:00, 라스트오더: 20:10)"
사계 전주본점,1674437430,이자카야,전북 전주시 완산구 홍산북로 20 102호,0507-1485-3017,0.0,https://search.pstatic.net/common/?autoRotate=true&type=w278_sharpen&src=https%3A%2F%2Fldb-phinf.pstatic.net%2F20240205_136%2F1707118325384htbMQ_JPEG%2F%25C7%25C3%25B7%25B9%25C0%25CC%25BD%25BA_%25281%2529.jpg,콜키지 가능유료_단체 이용 가능_예약_무선 인터넷_포장_배달_남/녀 화장실 구분_출입구 휠체어 이용가능_좌석 휠체어 이용가능,가능,월: 16:00 - 24:00 (라스트오더: 23:30) | 화: 16:00 - 24:00 (라스트오더: 23:30) | 수: 16:00 - 24:00 (라스트오더: 23:30) | 목: 16:00 - 24:00 (라스트오더: 23:30) | 금: 16:00 - 24:00 (라스트오더: 23:30) | 토: 16:00 - 24:00 (라스트오더: 23:30) | 일: 정기휴무
홀로설 전북도청 본점,1179533799,"육류,고기요리",전북 전주시 완산구 효자로 194 104호,0507-1347-3067,0.0,https://search.pstatic.net/common/?autoRotate=true&type=w560_sharpen&src=https%3A%2F%2Fldb-phinf.pstatic.net%2F20250906_131%2F1757150846143Id7wb_JPEG%2FKakaoTalk_20250826_165615501.jpg,생일 혜택_단체 이용 가능_예약_남/녀 화장실 구분_대기공간_무선 인터넷_화장실 휠체어 이용가능_출입구 휠체어 이용가능_장애인 주차구역,가능,월: 11:00 - 21:30 (라스트오더: 20:40) | 화: 11:00 - 21:30 (라스트오더: 20:40) | 수: 11:00 - 21:30 (라스트오더: 20:40) | 목: 11:00 - 21:30 (라스트오더: 20:40) | 금: 11:00 - 21:30 (라스트오더: 20:40) | 토: 11:00 - 21:30 (라스트오더: 20:40) | 일: 11:00 - 21:30 (라스트오더: 20:40)
석암생소금구이 전주신시가지점,2035360458,"육류,고기요리",전북 전주시 완산구 홍산중앙로 30 103호,0507-1449-9595,0.0,https://search.pstatic.net/common/?autoRotate=true&type=w560_sharpen&src=https%3A%2F%2Fldb-phinf.pstatic.net%2F20260422_190%2F1776827646412KmFYQ_JPEG%2F0_2.jpg,콜키지 가능유료_단체 이용 가능_예약,가능,월: 16:00 - 다음 날 02:00 | 화: 16:00 - 다음 날 02:00 | 수: 16:00 - 다음 날 02:00 | 목: 16:00 - 다음 날 02:00 | 금: 16:00 - 다음 날 02:00 | 토: 16:00 - 다음 날 02:00 | 일: 16:00 - 다음 날 02:00
올리빈,2050064407,브런치,전북 전주시 완산구 척동4길 11 올리빈,0507-1361-5930,0.0,https://search.pstatic.net/common/?autoRotate=true&type=w560_sharpen&src=https%3A%2F%2Fldb-phinf.pstatic.net%2F20250513_109%2F1747065734996sCp9l_JPEG%2F%25BF%25AC%25C3%25E21_%25287%2529.jpg,비건 메뉴_유기농 메뉴_단체 이용 가능_포장_예약_무선 인터넷_남/녀 화장실 구분_유아의자,불가,"월: 10:00 - 21:00 (브레이크타임: 15:00 - 17:00, 라스트오더: 20:00) | 화: 10:00 - 21:00 (브레이크타임: 15:00 - 17:00, 라스트오더: 20:00) | 수: 10:00 - 21:00 (브레이크타임: 15:00 - 17:00, 라스트오더: 20:00) | 목: 10:00 - 21:00 (브레이크타임: 15:00 - 17:00, 라스트오더: 20:00) | 금: 10:00 - 21:00 (브레이크타임: 15:00 - 17:00, 라스트오더: 20:00) | 토: 10:00 - 21:00 (브레이크타임: 15:00 - 17:00, 라스트오더: 20:00) | 일: 10:00 - 21:00 (브레이크타임: 15:00 - 17:00, 라스트오더: 20:00)"
호르몬치치 전주신시가지점,2040733389,"육류,고기요리",전북 전주시 완산구 홍산북로 84 20 101 102호,0507-1481-5945,0.0,https://search.pstatic.net/common/?autoRotate=true&type=w560_sharpen&src=https%3A%2F%2Fnaverbooking-phinf.pstatic.net%2F20250511_63%2F174689214195254u2T_JPEG%2FKakaoTalk_20250307_092237394_07.jpg,무한 리필_콜키지 가능유료_단체 이용 가능_예약_무선 인터넷_남/녀 화장실 구분_유아의자,가능,월: 16:00 - 다음 날 01:00 (라스트오더: 00:30) | 화: 16:00 - 다음 날 01:00 (라스트오더: 00:30) | 수: 16:00 - 다음 날 01:00 (라스트오더: 00:30) | 목: 16:00 - 다음 날 01:00 (라스트오더: 00:30) | 금: 16:00 - 다음 날 01:00 (라스트오더: 00:30) | 토: 16:00 - 다음 날 01:00 (라스트오더: 00:30) | 일: 16:00 - 다음 날 01:00 (라스트오더: 00:30)
달빛에구운고등어 전북도청점,1658039837,생선구이,전북 전주시 완산구 홍산남로 20 101호,0507-1487-2121,0.0,https://search.pstatic.net/common/?autoRotate=true&type=w560_sharpen&src=https%3A%2F%2Fldb-phinf.pstatic.net%2F20260526_223%2F1779768661868yDbhH_JPEG%2F2.jpg,포장_배달_예약_남/녀 화장실 구분_무선 인터넷,가능,월: 11:00 - 20:30 | 화: 11:00 - 20:30 | 수: 11:00 - 20:30 | 목: 11:00 - 20:30 | 금: 11:00 - 20:30 | 토: 11:00 - 20:30 | 일: 11:00 - 20:30
다산돼지와낙지 본점,35262409,한식,전북 전주시 완산구 홍산북로 83 9 에코빌딩 1층,063-221-7005,0.0,https://search.pstatic.net/common/?autoRotate=true&type=w560_sharpen&src=https%3A%2F%2Fldb-phinf.pstatic.net%2F20251129_141%2F17644247612277ERwV_JPEG%2F1000017374.jpg,예약_단체 이용 가능_포장_남/녀 화장실 구분_무선 인터넷_대기공간,가능,"월: 11:20 - 22:00 (브레이크타임: 15:00 - 17:00, 라스트오더: 14:00, 21:00) | 화: 11:20 - 22:00 (브레이크타임: 15:00 - 17:00, 라스트오더: 14:00, 21:00) | 수: 11:20 - 22:00 (브레이크타임: 15:00 - 17:00, 라스트오더: 14:00, 21:00) | 목: 11:20 - 22:00 (브레이크타임: 15:00 - 17:00, 라스트오더: 14:00, 21:00) | 금: 11:20 - 22:00 (브레이크타임: 15:00 - 17:00, 라스트오더: 14:00, 21:00) | 토: 11:20 - 22:00 (브레이크타임: 15:00 - 17:00, 라스트오더: 14:00, 21:00) | 일: 정기휴무"
시오베이커리,2092423541,베이커리,전북 전주시 완산구 구룡1길 14 1 1층 101호,0507-1351-5790,0.0,https://search.pstatic.net/common/?autoRotate=true&type=w278_sharpen&src=https%3A%2F%2Fldb-phinf.pstatic.net%2F20260511_291%2F17784823743441BmlR_JPEG%2FKakaoTalk_20260504_182742834_01.jpg,포장_예약_무선 인터넷_출입구 휠체어 이용가능,가능,월: 10:00 - 19:00 | 화: 정기휴무 | 수: 10:00 - 19:00 | 목: 10:00 - 19:00 | 금: 10:00 - 19:00 | 토: 10:00 - 19:00 | 일: 10:00 - 19:00
진담동&소바 전주효자동신시가지본점,1767903379,"우동,소바",전북 전주시 완산구 홍산남로 55 103호,0507-1357-4853,0.0,https://search.pstatic.net/common/?autoRotate=true&type=w560_sharpen&src=https%3A%2F%2Fldb-phinf.pstatic.net%2F20241121_276%2F1732185265283EJnuj_JPEG%2FKakaoTalk_20240117_201955257_07.jpg,포장_배달_남/녀 화장실 구분_무선 인터넷_출입구 휠체어 이용가능_장애인 주차구역,가능,"월: 11:00 - 21:00 (브레이크타임: 15:00 - 17:00, 라스트오더: 20:30) | 화: 11:00 - 21:00 (브레이크타임: 15:00 - 17:00, 라스트오더: 20:30) | 수: 11:00 - 21:00 (브레이크타임: 15:00 - 17:00, 라스트오더: 20:30) | 목: 11:00 - 21:00 (브레이크타임: 15:00 - 17:00, 라스트오더: 20:30) | 금: 11:00 - 21:00 (브레이크타임: 15:00 - 17:00, 라스트오더: 20:30) | 토: 11:00 - 21:00 (라스트오더: 20:30) | 일: 11:00 - 21:00 (라스트오더: 20:30)"
몽유도 신시가지점,1954251906,"육류,고기요리",전북 전주시 완산구 홍산중앙로 47 1층,0507-1305-0493,0.0,https://search.pstatic.net/common/?autoRotate=true&type=w560_sharpen&src=https%3A%2F%2Fldb-phinf.pstatic.net%2F20220112_36%2F164196193604297jOn_JPEG%2FKakaoTalk_20220111_103034523_03.jpg,콜키지 가능유료_대관_단체 이용 가능_무선 인터넷_남/녀 화장실 구분_예약_유아의자,가능,월: 16:00 - 24:00 (라스트오더: 23:00) | 화: 16:00 - 24:00 (라스트오더: 23:00) | 수: 16:00 - 24:00 (라스트오더: 23:00) | 목: 16:00 - 24:00 (라스트오더: 23:00) | 금: 16:00 - 24:00 (라스트오더: 23:00) | 토: 16:00 - 24:00 (라스트오더: 23:00) | 일: 16:00 - 24:00 (라스트오더: 23:00)
오티씨커피,1027304409,"카페,디저트",전북 전주시 완산구 마전중앙로 21 1층 103호,0507-1414-4339,0.0,https://search.pstatic.net/common/?autoRotate=true&type=w560_sharpen&src=https%3A%2F%2Fldb-phinf.pstatic.net%2F20250411_80%2F1744355314165ej5TU_JPEG%2FIMG_3751.jpeg,단체 이용 가능_포장_무선 인터넷_남/녀 화장실 구분_예약,가능,월: 10:00 - 22:30 | 화: 10:00 - 22:30 | 수: 10:00 - 22:30 | 목: 10:00 - 22:30 | 금: 10:00 - 23:00 | 토: 10:00 - 23:00 | 일: 10:00 - 23:00
후후소금빵,2077158695,"카페,디저트",전북 전주시 완산구 마전3길 2 1층,063-714-4376,0.0,https://search.pstatic.net/common/?autoRotate=true&type=w560_sharpen&src=https%3A%2F%2Fldb-phinf.pstatic.net%2F20260428_68%2F1777367570798lXlj8_JPEG%2FIMG_0357.jpg,포장,가능,월: 10:00 - 18:00 | 화: 10:00 - 18:00 | 수: 10:00 - 18:00 | 목: 10:00 - 18:00 | 금: 10:00 - 18:00 | 토: 10:00 - 18:00 | 일: 정기휴무
양누리 신시가지점,1119515452,"육류,고기요리",전북 전주시 완산구 마전들로 49 1층 2층 양누리,0507-1453-9032,0.0,https://search.pstatic.net/common/?autoRotate=true&type=w560_sharpen&src=https%3A%2F%2Fldb-phinf.pstatic.net%2F20240901_278%2F1725173258957wAjP0_JPEG%2FB13A4169.JPG,와인 페어링_예약_단체 이용 가능_남/녀 화장실 구분_무선 인터넷_유아의자,가능,월: 16:00 - 23:00 | 화: 16:00 - 23:00 | 수: 16:00 - 23:00 | 목: 16:00 - 23:00 | 금: 16:00 - 23:00 | 토: 16:00 - 22:00 | 일: 16:00 - 22:00
다 레오,1651846978,이탈리아음식,전북 전주시 완산구 홍산로 269 108호,0507-1324-6005,0.0,https://search.pstatic.net/common/?autoRotate=true&type=w560_sharpen&src=https%3A%2F%2Fldb-phinf.pstatic.net%2F20220823_232%2F1661252253110JluUY_JPEG%2FE06B7477-1DD1-4B8C-9AAB-E248B07C39D4.jpeg,콜키지 가능무료_단체 이용 가능_포장_남/녀 화장실 구분_예약,가능,"월: 정기휴무 | 화: 11:30 - 21:00 (브레이크타임: 15:00 - 17:00, 라스트오더: 20:00) | 수: 11:30 - 21:00 (브레이크타임: 15:00 - 17:00, 라스트오더: 20:00) | 목: 11:30 - 21:00 (브레이크타임: 15:00 - 17:00, 라스트오더: 20:00) | 금: 11:30 - 21:00 (브레이크타임: 15:00 - 17:00, 라스트오더: 20:00) | 토: 11:30 - 21:00 (브레이크타임: 15:00 - 17:00, 라스트오더: 20:00) | 일: 11:30 - 15:00 (라스트오더: 14:00)"
EIGHT FLOOR,1582706255,요리주점,전북 전주시 완산구 마전들로 74 8층 에이트플로어,0507-1382-7812,0.0,https://search.pstatic.net/common/?autoRotate=true&type=w560_sharpen&src=https%3A%2F%2Fldb-phinf.pstatic.net%2F20230117_32%2F1673931440624vk2gm_JPEG%2F1673931435718-1.jpg,단체 이용 가능_남/녀 화장실 구분_무선 인터넷_예약_노키즈존_출입구 휠체어 이용가능_좌석 휠체어 이용가능_장애인 주차구역,가능,월: 17:00 - 다음 날 00:50 | 화: 17:00 - 다음 날 00:50 | 수: 17:00 - 다음 날 00:50 | 목: 17:00 - 다음 날 00:50 | 금: 17:00 - 다음 날 00:50 | 토: 17:00 - 다음 날 00:50 | 일: 정기휴무
메종드쁘띠푸르 전주점,1881842274,베이커리,전북 전주시 완산구 홍산남로 29 15 휴본빌딩 1F 2F,063-227-0919,0.0,https://search.pstatic.net/common/?autoRotate=true&type=w560_sharpen&src=https%3A%2F%2Fldb-phinf.pstatic.net%2F20200916_216%2F1600249186119ewrmR_JPEG%2F2bg0aSZPmQpFe-j6gSV8z8lW.jpg,무선 인터넷_남/녀 화장실 구분_단체 이용 가능_배달_포장_유아의자_\반려동물 동반_화장실 휠체어 이용가능_출입구 휠체어 이용가능_좌석 휠체어 이용가능_장애인 주차구역,가능,월: 08:00 - 22:00 | 화: 08:00 - 22:00 | 수: 08:00 - 22:00 | 목: 08:00 - 22:00 | 금: 08:00 - 22:00 | 토: 08:00 - 22:00 | 일: 08:00 - 22:00
성산제줏간 전주신시가지,2046308559,돼지고기구이,전북 전주시 완산구 홍산북로 69 9 1층 성산제줏간 전주신시가지점,0507-1378-4280,0.0,https://search.pstatic.net/common/?autoRotate=true&type=w560_sharpen&src=https%3A%2F%2Fldb-phinf.pstatic.net%2F20260417_16%2F1776416504381hndQG_PNG%2F%25C0%25FC%25C1%25D6%25BD%25C5%25BD%25C3%25B0%25A1%25C1%25F6_%25C0%25CC%25B9%25CC%25C1%25F6.png,단체 이용 가능_무선 인터넷_대기공간_유아의자_남/녀 화장실 구분_예약,가능,월: 16:00 - 다음 날 01:00 (라스트오더: 00:30) | 화: 16:00 - 다음 날 01:00 (라스트오더: 00:30) | 수: 16:00 - 다음 날 01:00 (라스트오더: 00:30) | 목: 16:00 - 다음 날 01:00 (라스트오더: 00:30) | 금: 16:00 - 다음 날 01:00 (라스트오더: 00:30) | 토: 12:00 - 다음 날 01:00 (라스트오더: 00:30) | 일: 12:00 - 다음 날 01:00 (라스트오더: 00:30)
가츠연,1517836857,일식당,전북 전주시 완산구 홍산북로 46 21 성준빌딩 2층 가츠연,0507-1309-2277,0.0,https://search.pstatic.net/common/?autoRotate=true&type=w560_sharpen&src=https%3A%2F%2Fldb-phinf.pstatic.net%2F20180102_295%2F1514868826334yqI7v_JPEG%2FDrT6kZ_59bFTVArNdq1qIjl9.jpg,화장실 휠체어 이용가능_출입구 휠체어 이용가능_좌석 휠체어 이용가능_장애인 주차구역,가능,월: 11:30 - 21:30 (브레이크타임: 15:30 - 17:00) | 화: 11:30 - 21:30 (브레이크타임: 15:30 - 17:00) | 수: 11:30 - 21:30 (브레이크타임: 15:30 - 17:00) | 목: 11:30 - 21:30 (브레이크타임: 15:30 - 17:00) | 금: 11:30 - 21:30 (브레이크타임: 15:30 - 17:00) | 토: 11:30 - 21:30 | 일: 11:30 - 21:30
프랭크커핀바&베이커리 효자점,1681529226,"카페,디저트",전북 전주시 완산구 마전중앙로 14 1층 101호,0507-1321-6310,0.0,https://search.pstatic.net/common/?autoRotate=true&type=w560_sharpen&src=https%3A%2F%2Fldb-phinf.pstatic.net%2F20250918_273%2F1758166145758FUETs_JPEG%2FIMG_7518.jpeg,테이크아웃 할인_남/녀 화장실 구분_무선 인터넷_단체 이용 가능_포장_배달_방문접수/출장_유아의자,가능,월: 08:30 - 22:00 (라스트오더: 21:30) | 화: 08:30 - 22:00 (라스트오더: 21:30) | 수: 08:30 - 22:00 (라스트오더: 21:30) | 목: 08:30 - 22:00 (라스트오더: 21:30) | 금: 08:30 - 22:00 (라스트오더: 21:30) | 토: 08:30 - 22:00 (라스트오더: 21:30) | 일: 08:30 - 22:00 (라스트오더: 21:30)
나나방콕 전주신시가지점,2000922127,태국음식,전북 전주시 완산구 홍산로 250 1층,0507-1309-6132,0.0,https://search.pstatic.net/common/?autoRotate=true&type=w560_sharpen&src=https%3A%2F%2Fldb-phinf.pstatic.net%2F20260128_94%2F1769563598915UQ35b_PNG%2F%25B9%25E4%252C_%25B1%25B9%25B9%25B0_%25B9%25AB%25B7%25E1_%25B8%25AE%25C7%25CA.png,콜키지 가능무료_단체 이용 가능_포장_배달_무선 인터넷_유아의자_남/녀 화장실 구분_대기공간_화장실 휠체어 이용가능,가능,"월: 11:00 - 21:30 (브레이크타임: 15:00 - 17:00, 라스트오더: 20:30) | 화: 11:00 - 21:30 (브레이크타임: 15:00 - 17:00, 라스트오더: 20:30) | 수: 11:00 - 21:30 (브레이크타임: 15:00 - 17:00, 라스트오더: 20:30) | 목: 11:00 - 21:30 (브레이크타임: 15:00 - 17:00, 라스트오더: 20:30) | 금: 11:00 - 21:30 (브레이크타임: 15:00 - 17:00, 라스트오더: 20:30) | 토: 11:00 - 21:30 (브레이크타임: 15:00 - 17:00, 라스트오더: 20:30) | 일: 11:00 - 21:30 (브레이크타임: 15:00 - 17:00, 라스트오더: 20:30)"
멘야케이 전주신시가지점,1444733898,일본식라면,전북 전주시 완산구 홍산남로 14 1층 A101호,0507-1411-2365,0.0,https://search.pstatic.net/common/?autoRotate=true&type=w278_sharpen&src=https%3A%2F%2Fldb-phinf.pstatic.net%2F20260531_86%2F1780215695183lTGP1_JPEG%2FKakaoTalk_20260531_135129929_01.jpg,편의시설 정보 없음,가능,월: 11:00 - 21:00 (라스트오더: 20:30) | 화: 11:00 - 21:00 (라스트오더: 20:30) | 수: 11:00 - 21:00 (라스트오더: 20:30) | 목: 11:00 - 21:00 (라스트오더: 20:30) | 금: 11:00 - 21:00 (라스트오더: 20:30) | 토: 11:00 - 21:00 (라스트오더: 20:30) | 일: 11:00 - 21:00 (라스트오더: 20:30)
솔가숯불갈비 신시가지점,1308357339,"육류,고기요리",전북 전주시 완산구 석산2길 17 15 솔가숯불갈비 신시가지점,0507-1477-1184,4.64,https://search.pstatic.net/common/?autoRotate=true&type=w560_sharpen&src=https%3A%2F%2Fldb-phinf.pstatic.net%2F20241212_126%2F1733981530884bgF8l_JPEG%2F%25BD%25C5%25BD%25C3%25B0%25A1%25C1%25F6_%25B8%25C0%25C1%25FD_%252810%2529.jpg,단체 이용 가능_포장_배달_예약_무선 인터넷_남/녀 화장실 구분_유아의자_대기공간_출입구 휠체어 이용가능_좌석 휠체어 이용가능_장애인 주차구역,가능,월: 11:00 - 23:00 | 화: 11:00 - 23:00 | 수: 11:00 - 23:00 | 목: 11:00 - 23:00 | 금: 11:00 - 23:00 | 토: 11:00 - 23:00 | 일: 11:00 - 23:00
일층집 본점,1497463405,"육류,고기요리",전북 전주시 완산구 홍산남로 69 7,063-221-6258,0.0,https://search.pstatic.net/common/?autoRotate=true&type=w560_sharpen&src=https%3A%2F%2Fldb-phinf.pstatic.net%2F20230923_163%2F1695448230466iedDp_JPEG%2F1000009857.jpg,예약_단체 이용 가능,가능,월: 16:00 - 다음 날 01:00 | 화: 16:00 - 다음 날 01:00 | 수: 16:00 - 다음 날 01:00 | 목: 16:00 - 다음 날 01:00 | 금: 16:00 - 다음 날 01:00 | 토: 15:30 - 다음 날 01:00 | 일: 15:30 - 다음 날 01:00
크럼,34016552,베이커리,전북 전주시 완산구 홍산중앙로 42 6층,063-237-3618,0.0,https://search.pstatic.net/common/?autoRotate=true&type=w560_sharpen&src=https%3A%2F%2Fldb-phinf.pstatic.net%2F20250604_2%2F1749014592022fernN_PNG%2F1000011523.png,핸드드립_포장_배달_무선 인터넷_단체 이용 가능_남/녀 화장실 구분_예약_출입구 휠체어 이용가능_좌석 휠체어 이용가능_장애인 주차구역,가능,월: 정기휴무 | 화: 10:00 - 22:00 (라스트오더: 21:30) | 수: 10:00 - 22:00 (라스트오더: 21:30) | 목: 10:00 - 22:00 (라스트오더: 21:30) | 금: 10:00 - 22:00 (라스트오더: 21:30) | 토: 10:00 - 22:00 (라스트오더: 21:30) | 일: 10:00 - 21:00 (라스트오더: 20:30)
돈카츠흑심 효자점,1559037357,돈가스,전북 전주시 완산구 홍산로 263 104호 돈카츠흑심,0507-1445-2294,0.0,https://search.pstatic.net/common/?autoRotate=true&type=w560_sharpen&src=https%3A%2F%2Fldb-phinf.pstatic.net%2F20230515_36%2F16841317246690GBhW_JPEG%2FIMG_0780.jpeg,배달_포장_남/녀 화장실 구분_무선 인터넷_유아의자_장애인 주차구역,가능,"월: 11:00 - 21:00 (브레이크타임: 15:00 - 17:00, 라스트오더: 20:20) | 화: 11:00 - 21:00 (브레이크타임: 15:00 - 17:00, 라스트오더: 20:20) | 수: 11:00 - 21:00 (브레이크타임: 15:00 - 17:00, 라스트오더: 20:20) | 목: 11:00 - 21:00 (브레이크타임: 15:00 - 17:00, 라스트오더: 20:20) | 금: 11:00 - 21:00 (브레이크타임: 15:00 - 17:00, 라스트오더: 20:20) | 토: 11:00 - 21:00 (브레이크타임: 15:00 - 17:00, 라스트오더: 20:20) | 일: 정기휴무"
스시이안앤 도청신시가지점,2097209094,"초밥,롤",전북 전주시 완산구 마전중앙로 13 101호,0507-1419-1573,0.0,https://search.pstatic.net/common/?autoRotate=true&type=w560_sharpen&src=https%3A%2F%2Fldb-phinf.pstatic.net%2F20260419_102%2F1776564898844MvVE3_JPEG%2F81174.jpg,생일 혜택_예약_무선 인터넷_남/녀 화장실 구분_단체 이용 가능_포장_유아의자,가능,"월: 11:30 - 22:00 (브레이크타임: 15:00 - 17:00, 라스트오더: 14:30, 21:30) | 화: 11:30 - 22:00 (브레이크타임: 15:00 - 17:00, 라스트오더: 14:30, 21:30) | 수: 11:30 - 22:00 (브레이크타임: 15:00 - 17:00, 라스트오더: 14:30, 21:30) | 목: 11:30 - 22:00 (브레이크타임: 15:00 - 17:00, 라스트오더: 14:30, 21:30) | 금: 11:30 - 22:00 (브레이크타임: 15:00 - 17:00, 라스트오더: 14:30, 21:30) | 토: 11:30 - 22:00 (브레이크타임: 15:00 - 17:00, 라스트오더: 14:30, 21:30) | 일: 11:30 - 22:00 (브레이크타임: 15:00 - 17:00, 라스트오더: 14:30, 21:30)"
이너프샐러드 도청 직영점,1439019759,"다이어트,샐러드",전북 전주시 완산구 홍산3길 7 1F 이너프샐러드 도청점,0507-1397-4547,0.0,https://search.pstatic.net/common/?autoRotate=true&type=w560_sharpen&src=https%3A%2F%2Fldb-phinf.pstatic.net%2F20220922_216%2F1663845036910gSv3B_JPEG%2FKakaoTalk_20220922_192700602_03.jpg,비건 메뉴_배달_포장_무선 인터넷_남/녀 화장실 구분_출입구 휠체어 이용가능,가능,월: 08:00 - 20:00 (브레이크타임: 14:00 - 15:00) | 화: 08:00 - 20:00 (브레이크타임: 14:00 - 15:00) | 수: 08:00 - 20:00 (브레이크타임: 14:00 - 15:00) | 목: 08:00 - 20:00 (브레이크타임: 14:00 - 15:00) | 금: 08:00 - 20:00 (브레이크타임: 14:00 - 15:00) | 토: 08:00 - 19:30 (브레이크타임: 14:00 - 15:00) | 일: 08:00 - 19:30 (브레이크타임: 14:00 - 15:00)
효자동아귀찜본점,1531723988,"아귀찜,해물찜",전북 전주시 완산구 바우배기2길 23 1층,063-236-4642,0.0,https://search.pstatic.net/common/?autoRotate=true&type=w560_sharpen&src=https%3A%2F%2Fldb-phinf.pstatic.net%2F20240919_94%2F1726724623889pil7Y_JPEG%2F11.jpg,남/녀 화장실 구분_유아의자_포장_배달_단체 이용 가능_예약,가능,월: 11:00 - 21:00 (라스트오더: 20:30) | 화: 11:00 - 21:00 (라스트오더: 20:30) | 수: 11:00 - 21:00 (라스트오더: 20:30) | 목: 11:00 - 21:00 (라스트오더: 20:30) | 금: 11:00 - 21:00 (라스트오더: 20:30) | 토: 11:00 - 21:00 (라스트오더: 20:30) | 일: 11:00 - 21:00 (라스트오더: 20:30)
카츠모리조,1106670769,돈가스,전북 전주시 완산구 선너머2길 26 2층,0507-1333-6735,0.0,https://search.pstatic.net/common/?autoRotate=true&type=w560_sharpen&src=https%3A%2F%2Fldb-phinf.pstatic.net%2F20220825_50%2F1661412839994FPg79_JPEG%2FKakaoTalk_20220825_111814541.jpg,무선 인터넷,가능,"월: 11:30 - 21:00 (브레이크타임: 15:00 - 17:00, 라스트오더: 14:30, 20:30) | 화: 11:30 - 21:00 (브레이크타임: 15:00 - 17:00, 라스트오더: 14:30, 20:30) | 수: 11:30 - 21:00 (브레이크타임: 15:00 - 17:00, 라스트오더: 14:30, 20:30) | 목: 11:30 - 21:00 (브레이크타임: 15:00 - 17:00, 라스트오더: 14:30, 20:30) | 금: 11:30 - 21:00 (브레이크타임: 15:00 - 17:00, 라스트오더: 14:30, 20:30) | 토: 11:30 - 21:00 (라스트오더: 20:30) | 일: 11:30 - 21:00 (라스트오더: 20:30)"
생활맥주 전주객리단길점,1034080506,"맥주,호프",전북 전주시 완산구 전주객사2길 28 3 생활맥주,0507-1405-2200,0.0,https://search.pstatic.net/common/?autoRotate=true&type=w560_sharpen&src=https%3A%2F%2Fldb-phinf.pstatic.net%2F20250409_288%2F1744202634328Cmojp_JPEG%2F%25B8%25C5%25C0%25E5%25B3%25BB%25BA%25CE.jpg,포장_단체 이용 가능_배달_무선 인터넷_예약_\반려동물 동반_남/녀 화장실 구분,가능,월: 17:00 - 다음 날 02:00 | 화: 17:00 - 다음 날 02:00 | 수: 17:00 - 다음 날 02:00 | 목: 17:00 - 다음 날 02:00 | 금: 17:00 - 다음 날 03:00 | 토: 17:00 - 다음 날 03:00 | 일: 16:00 - 다음 날 01:00
르프랭크,2045705129,"카페,디저트",전북 전주시 완산구 전주객사1길 46 12 1층,0507-1360-4611,0.0,https://search.pstatic.net/common/?autoRotate=true&type=w560_sharpen&src=https%3A%2F%2Fldb-phinf.pstatic.net%2F20260517_10%2F1779002279106TtBhT_JPEG%2FIMG_5980.jpg,대관_단체 이용 가능_포장_대기공간_예약,불가,월: 10:00 - 22:00 (라스트오더: 21:30) | 화: 10:00 - 22:00 (라스트오더: 21:30) | 수: 10:00 - 22:00 (라스트오더: 21:30) | 목: 10:00 - 22:00 (라스트오더: 21:30) | 금: 10:00 - 22:00 (라스트오더: 21:30) | 토: 10:00 - 22:00 (라스트오더: 21:30) | 일: 10:00 - 22:00 (라스트오더: 21:30)
치히로,1710381899,일식당,전북 전주시 완산구 전주객사3길 73 56,070-4300-6099,0.0,https://search.pstatic.net/common/?autoRotate=true&type=w560_sharpen&src=https%3A%2F%2Fldb-phinf.pstatic.net%2F20190613_247%2F15604172750339COq8_JPEG%2F9UixlSYqh62srddrJPXL4gAB.jpeg.jpg,포장_배달_무선 인터넷_남/녀 화장실 구분_유아의자,불가,"월: 11:00 - 22:00 (브레이크타임: 15:00 - 16:30, 라스트오더: 20:30) | 화: 11:00 - 22:00 (브레이크타임: 15:00 - 16:30, 라스트오더: 20:30) | 수: 11:00 - 22:00 (브레이크타임: 15:00 - 16:30, 라스트오더: 20:30) | 목: 11:00 - 22:00 (브레이크타임: 15:00 - 16:30, 라스트오더: 20:30) | 금: 11:00 - 22:00 (브레이크타임: 15:00 - 16:30, 라스트오더: 20:30) | 토: 11:00 - 22:00 (브레이크타임: 15:00 - 16:30, 라스트오더: 20:30) | 일: 11:00 - 22:00 (브레이크타임: 15:00 - 16:30, 라스트오더: 20:30)"
누보닭갈비,1465327582,닭갈비,전북 전주시 완산구 전주객사4길 74 54,0507-1379-0743,0.0,https://search.pstatic.net/common/?autoRotate=true&type=w560_sharpen&src=https%3A%2F%2Fldb-phinf.pstatic.net%2F20200629_244%2F15934037158273bBAo_JPEG%2F7RgR7KFodMYVE7ipAXBjmcBV.jpg,단체 이용 가능_예약_포장_배달_무선 인터넷_남/녀 화장실 구분_유아의자,가능,"월: 11:00 - 22:00 (브레이크타임: 15:30 - 17:00, 라스트오더: 21:20) | 화: 11:00 - 22:00 (브레이크타임: 15:30 - 17:00, 라스트오더: 21:20) | 수: 11:00 - 22:00 (브레이크타임: 15:30 - 17:00, 라스트오더: 21:20) | 목: 11:00 - 22:00 (브레이크타임: 15:30 - 17:00, 라스트오더: 21:20) | 금: 11:00 - 22:00 (브레이크타임: 15:30 - 17:00, 라스트오더: 21:20) | 토: 11:00 - 22:00 (라스트오더: 21:20) | 일: 11:00 - 22:00 (라스트오더: 21:20)"
파도산장,2064592564,한식,전북 전주시 완산구 전라감영2길 11 1층 파도산장,0507-1408-1280,0.0,https://search.pstatic.net/common/?autoRotate=true&type=w560_sharpen&src=https%3A%2F%2Fldb-phinf.pstatic.net%2F20251103_14%2F1762171732649Sw8uC_JPEG%2F%25B0%25A1%25B0%25D4_%25C0%25FC%25B8%25E9%25BA%25CE.jpg,콜키지 가능무료_콜키지 가능유료_생일 혜택_단체 이용 가능_포장_예약_\반려동물 동반_무선 인터넷_대기공간_좌석 휠체어 이용가능,가능,월: 17:00 - 다음 날 01:00 (라스트오더: 00:00) | 화: 17:00 - 다음 날 01:00 (라스트오더: 00:00) | 수: 17:00 - 다음 날 01:00 (라스트오더: 00:00) | 목: 17:00 - 다음 날 01:00 (라스트오더: 00:00) | 금: 17:00 - 다음 날 02:00 (라스트오더: 01:00) | 토: 17:00 - 다음 날 02:00 (라스트오더: 01:00) | 일: 17:00 - 다음 날 01:00 (라스트오더: 00:00)
디저트39 전주 객사점,1496680906,카페,전북 전주시 완산구 팔달로 201 4 하모니빌딩 1층 디저트39 전주객사점,0507-1402-3930,0.0,https://search.pstatic.net/common/?autoRotate=true&type=w560_sharpen&src=https%3A%2F%2Fldb-phinf.pstatic.net%2F20251028_48%2F17616522903361XfsG_JPEG%2F518811_533856_4319.jpg,포장_무선 인터넷_남/녀 화장실 구분_단체 이용 가능_배달_\반려동물 동반_대기공간_화장실 휠체어 이용가능_좌석 휠체어 이용가능,가능,월: 08:30 - 23:00 (라스트오더: 22:30) | 화: 08:30 - 23:00 (라스트오더: 22:30) | 수: 08:30 - 23:00 (라스트오더: 22:30) | 목: 08:30 - 23:00 (라스트오더: 22:30) | 금: 08:30 - 24:00 (라스트오더: 23:30) | 토: 09:00 - 24:00 (라스트오더: 23:30) | 일: 09:00 - 24:00 (라스트오더: 23:30)
플랫메이트,2014405010,"카페,디저트",전북 전주시 완산구 전라감영로 44 1,0507-1351-4778,0.0,https://search.pstatic.net/common/?autoRotate=true&type=w560_sharpen&src=https%3A%2F%2Fldb-phinf.pstatic.net%2F20260409_48%2F1775720849864QEHI4_JPEG%2FKakaoTalk_20260406_212635990.jpg,핸드드립_비건 메뉴_테이크아웃 할인_포장_무선 인터넷_남/녀 화장실 구분_단체 이용 가능_방문접수/출장_예약_대기공간,가능,월: 08:00 - 22:00 | 화: 08:00 - 22:00 | 수: 정기휴무 | 목: 08:00 - 22:00 | 금: 08:00 - 22:00 | 토: 08:00 - 22:00 | 일: 08:00 - 22:00
오두막창 전주객사점,2096717957,"곱창,막창,양",전북 전주시 완산구 전주객사2길 73 1 1층,0507-1328-6393,0.0,https://search.pstatic.net/common/?autoRotate=true&type=w278_sharpen&src=https%3A%2F%2Fldb-phinf.pstatic.net%2F20260502_104%2F1777652916563keW7w_JPEG%2F11.jpg,단체 이용 가능_포장,불가,월: 16:30 - 다음 날 01:00 | 화: 16:30 - 다음 날 01:00 | 수: 16:30 - 다음 날 01:00 | 목: 16:30 - 다음 날 01:00 | 금: 16:30 - 다음 날 01:00 | 토: 16:30 - 다음 날 01:00 | 일: 16:30 - 다음 날 01:00
세모 객리단길점,2089920251,아시아음식,전북 전주시 완산구 전주객사2길 38 5 1층,0507-1423-4755,0.0,https://search.pstatic.net/common/?autoRotate=true&type=w560_sharpen&src=https%3A%2F%2Fldb-phinf.pstatic.net%2F20251230_6%2F1767089582277Ad0n2_JPEG%2FIMG_0380.jpeg,편의시설 정보 없음,불가,월: 17:30 - 다음 날 01:00 | 화: 17:30 - 다음 날 01:00 | 수: 17:30 - 다음 날 01:00 | 목: 17:30 - 다음 날 01:00 | 금: 17:30 - 다음 날 02:00 | 토: 17:30 - 다음 날 02:00 | 일: 17:30 - 다음 날 01:00
다가생구이 본점,1053590271,"육류,고기요리",전북 전주시 완산구 전주객사2길 38 6,0507-1303-9892,0.0,https://search.pstatic.net/common/?autoRotate=true&type=w560_sharpen&src=https%3A%2F%2Fldb-phinf.pstatic.net%2F20250728_169%2F1753692379769Lf4uP_JPEG%2FKakaoTalk_20250718_183303507_04.jpg,단체 이용 가능_예약_무선 인터넷,가능,월: 16:00 - 24:00 (라스트오더: 23:00) | 화: 16:00 - 24:00 (라스트오더: 23:00) | 수: 16:00 - 24:00 (라스트오더: 23:00) | 목: 16:00 - 24:00 (라스트오더: 23:00) | 금: 16:00 - 24:00 (라스트오더: 23:00) | 토: 16:00 - 24:00 (라스트오더: 23:00) | 일: 16:00 - 24:00 (라스트오더: 23:00)
중앙동고깃집,1146796327,한식,전북 전주시 완산구 전라감영로 42 1 1층 중앙동 고깃집,0507-1336-7602,4.79,https://search.pstatic.net/common/?autoRotate=true&type=w560_sharpen&src=https%3A%2F%2Fldb-phinf.pstatic.net%2F20201223_182%2F1608709636344NKJgc_JPEG%2FnoOTVcjpUVV7LegbK2MWAyvS.jpg,편의시설 정보 없음,가능,"월: 정기휴무 | 화: 10:00 - 22:00 (브레이크타임: 15:00 - 16:30, 라스트오더: 21:30) | 수: 10:00 - 22:00 (브레이크타임: 15:00 - 16:30, 라스트오더: 21:30) | 목: 10:00 - 22:00 (브레이크타임: 15:00 - 16:30, 라스트오더: 21:30) | 금: 10:00 - 22:00 (브레이크타임: 15:00 - 16:30, 라스트오더: 21:30) | 토: 10:00 - 22:00 (라스트오더: 21:30) | 일: 10:00 - 21:30 (라스트오더: 21:00)"
옐로우팜 전주객사점,2066468826,"과일,주스전문점",전북 전주시 완산구 전주객사5길 13 8 1층,0507-1348-0830,0.0,https://search.pstatic.net/common/?autoRotate=true&type=w278_sharpen&src=https%3A%2F%2Fldb-phinf.pstatic.net%2F20260520_238%2F17792512757008Gs07_JPEG%2F9.jpg,비건 메뉴_유기농 메뉴_단체 이용 가능_포장_배달_무선 인터넷_남/녀 화장실 구분_유아의자,불가,월: 10:00 - 20:00 (라스트오더: 19:30) | 화: 10:00 - 20:00 (라스트오더: 19:30) | 수: 10:00 - 20:00 (라스트오더: 19:30) | 목: 10:00 - 20:00 (라스트오더: 19:30) | 금: 10:00 - 20:00 (라스트오더: 19:30) | 토: 10:00 - 20:00 (라스트오더: 19:30) | 일: 10:00 - 20:00 (라스트오더: 19:30)
포담 전주시청점,1270117665,베트남음식,전북 전주시 완산구 팔달로 262 9 1층 포담 전주 시청점,0507-1494-5280,4.91,https://search.pstatic.net/common/?autoRotate=true&type=w560_sharpen&src=https%3A%2F%2Fldb-phinf.pstatic.net%2F20241117_45%2F1731832808483PsQ5E_JPEG%2F%25B4%25EB%25C7%25A5_L.jpg,글루텐프리 메뉴_비건 메뉴_대관_단체 이용 가능_포장_배달_무선 인터넷_유아의자_예약_출입구 휠체어 이용가능_좌석 휠체어 이용가능,불가,월: 08:00 - 20:00 (라스트오더: 19:50) | 화: 08:00 - 20:00 (라스트오더: 19:50) | 수: 08:00 - 20:00 (라스트오더: 19:50) | 목: 08:00 - 20:00 (라스트오더: 19:50) | 금: 08:00 - 20:00 (라스트오더: 19:50) | 토: 08:00 - 20:00 (라스트오더: 19:50) | 일: 정기휴무
평화와평화,1952498498,"카페,디저트",전북 전주시 완산구 전라감영4길 16 7 3층,0507-1324-9340,4.59,https://search.pstatic.net/common/?autoRotate=true&type=w560_sharpen&src=https%3A%2F%2Fldb-phinf.pstatic.net%2F20250501_151%2F17460861373938Pt1b_PNG%2F%25B8%25DE%25C0%25CE%25BB%25E7%25C1%25F8.png,핸드드립_로스터리_무한 리필_단체 이용 가능_포장_무선 인터넷_남/녀 화장실 구분_대기공간_예약_배달_장애인 주차구역,가능,월: 11:00 - 22:00 | 화: 11:00 - 22:00 | 수: 11:00 - 22:00 | 목: 11:00 - 22:00 | 금: 11:00 - 22:00 | 토: 11:00 - 22:00 | 일: 11:00 - 22:00
헤이스트릿,1990743046,양식,전북 전주시 완산구 전주객사5길 73 16 1층,0507-1478-0830,0.0,https://search.pstatic.net/common/?autoRotate=true&type=w278_sharpen&src=https%3A%2F%2Fldb-phinf.pstatic.net%2F20241107_18%2F1730973254147NaYsm_JPEG%2F2456A111-2F58-4239-A711-CCB66E82FC94.jpeg,콜키지 가능유료_비건 메뉴_유아의자_무선 인터넷,불가,월: 10:00 - 16:30 (라스트오더: 15:30) | 화: 10:00 - 16:30 (라스트오더: 15:30) | 수: 10:00 - 16:30 (라스트오더: 15:30) | 목: 10:00 - 16:30 (라스트오더: 15:30) | 금: 10:00 - 16:30 (라스트오더: 15:30) | 토: 10:00 - 16:30 (라스트오더: 15:30) | 일: 10:00 - 16:30 (라스트오더: 15:30)
야화 혼술바 전주웨리단길점,2068753793,바(BAR),전북 전주시 완산구 전라감영4길 13 8 1층,0507-1396-2228,0.0,https://search.pstatic.net/common/?autoRotate=true&type=w560_sharpen&src=https%3A%2F%2Fldb-phinf.pstatic.net%2F20260608_216%2F1780913277387FNBwH_JPEG%2F1%25B9%25F8.jpg,단체 이용 가능_예약_무선 인터넷_화장실 휠체어 이용가능_출입구 휠체어 이용가능_좌석 휠체어 이용가능,불가,월: 19:00 - 다음 날 04:00 | 화: 19:00 - 다음 날 04:00 | 수: 19:00 - 다음 날 04:00 | 목: 19:00 - 다음 날 04:00 | 금: 19:00 - 다음 날 04:00 | 토: 19:00 - 다음 날 04:00 | 일: 19:00 - 다음 날 04:00
몽유도 전주본점,1479244783,"육류,고기요리",전북 전주시 완산구 전주객사2길 37,0507-1412-5300,0.0,https://search.pstatic.net/common/?autoRotate=true&type=w560_sharpen&src=https%3A%2F%2Fldb-phinf.pstatic.net%2F20210209_24%2F1612840473555Wkq02_JPEG%2FeX1smnZhNvZGsYmRI68bz2E2.jpg,단체 이용 가능_남/녀 화장실 구분,불가,월: 16:00 - 24:00 | 화: 16:00 - 24:00 | 수: 16:00 - 24:00 | 목: 16:00 - 24:00 | 금: 16:00 - 24:00 | 토: 16:00 - 24:00 | 일: 16:00 - 24:00
깁미타코 전주점,1228549320,"멕시코,남미음식",전북 전주시 완산구 전주객사2길 75 1층,0507-1419-9947,0.0,https://search.pstatic.net/common/?autoRotate=true&type=w560_sharpen&src=https%3A%2F%2Fldb-phinf.pstatic.net%2F20241025_251%2F17298178767059wrH8_JPEG%2F1.jpg,콜키지 가능무료_단체 이용 가능_포장_무선 인터넷_남/녀 화장실 구분_유아의자,가능,월: 12:00 - 22:00 (브레이크타임: 15:00 - 17:00) | 화: 12:00 - 22:00 (브레이크타임: 15:00 - 17:00) | 수: 12:00 - 22:00 (브레이크타임: 15:00 - 17:00) | 목: 12:00 - 22:00 (브레이크타임: 15:00 - 17:00) | 금: 12:00 - 다음 날 01:00 (브레이크타임: 15:00 - 17:00) | 토: 12:00 - 다음 날 01:00 (브레이크타임: 15:00 - 17:00) | 일: 12:00 - 22:00 (브레이크타임: 15:00 - 17:00)
도파멘,1253081680,일본식라면,전북 전주시 완산구 전라감영2길 6 1층,063-715-4951,0.0,https://search.pstatic.net/common/?autoRotate=true&type=w278_sharpen&src=https%3A%2F%2Fldb-phinf.pstatic.net%2F20240925_174%2F17272376577858Wdty_JPEG%2FKakaoTalk_20240925_131403055.jpg,무선 인터넷,불가,"월: 정기휴무 | 화: 11:30 - 21:00 (브레이크타임: 15:00 - 17:00, 라스트오더: 20:30) | 수: 11:30 - 21:00 (브레이크타임: 15:00 - 17:00, 라스트오더: 20:30) | 목: 11:30 - 21:00 (브레이크타임: 15:00 - 17:00, 라스트오더: 20:30) | 금: 11:30 - 21:00 (브레이크타임: 15:00 - 17:00, 라스트오더: 20:30) | 토: 11:30 - 21:00 (브레이크타임: 15:00 - 17:00, 라스트오더: 20:30) | 일: 11:30 - 21:00 (브레이크타임: 15:00 - 17:00, 라스트오더: 20:30)"
서양주택,452736623,양식,전북 전주시 완산구 전주객사2길 40,0507-1433-0013,0.0,https://search.pstatic.net/common/?autoRotate=true&type=w560_sharpen&src=https%3A%2F%2Fldb-phinf.pstatic.net%2F20240510_129%2F1715271158239KlV6b_JPEG%2FKakaoTalk_20240510_010403743.jpg,콜키지 가능유료_와인 페어링_포장_배달_무선 인터넷_예약_남/녀 화장실 구분_유아의자_단체 이용 가능,가능,"월: 11:00 - 21:50 (브레이크타임: 15:30 - 16:30, 라스트오더: 20:50) | 화: 11:00 - 21:50 (브레이크타임: 15:30 - 16:30, 라스트오더: 20:50) | 수: 11:00 - 21:50 (브레이크타임: 15:30 - 16:30, 라스트오더: 20:50) | 목: 11:00 - 21:50 (브레이크타임: 15:30 - 16:30, 라스트오더: 20:50) | 금: 11:00 - 21:50 (브레이크타임: 15:30 - 16:30, 라스트오더: 20:50) | 토: 11:00 - 21:50 (라스트오더: 20:50) | 일: 11:00 - 21:50 (라스트오더: 20:50)"
비의소리처럼,1893325633,요리주점,전북 전주시 완산구 전주객사2길 45 4 1층,0507-1323-4180,0.0,https://search.pstatic.net/common/?autoRotate=true&type=w560_sharpen&src=https%3A%2F%2Fldb-phinf.pstatic.net%2F20241216_144%2F1734354122166hekHM_JPEG%2F1000008991.jpg,단체 이용 가능_예약_남/녀 화장실 구분_무선 인터넷,가능,월: 정기휴무 | 화: 17:00 - 다음 날 02:00 | 수: 17:00 - 다음 날 02:00 | 목: 17:00 - 다음 날 02:00 | 금: 17:00 - 다음 날 02:00 | 토: 17:00 - 다음 날 04:00 | 일: 17:00 - 다음 날 02:00
지복점,1816492689,한식,전북 전주시 완산구 풍남문4길 15 25 1층,0507-1399-5266,0.0,https://search.pstatic.net/common/?autoRotate=true&type=w560_sharpen&src=https%3A%2F%2Fldb-phinf.pstatic.net%2F20220604_51%2F16543132907396phCF_JPEG%2F0E920482-9574-4A44-BC9B-B8922D5DC938.jpeg,무선 인터넷_유아의자,가능,"월: 정기휴무 | 화: 11:50 - 21:00 (브레이크타임: 15:00 - 17:30, 라스트오더: 14:30, 20:30) | 수: 11:50 - 21:00 (브레이크타임: 15:00 - 17:30, 라스트오더: 14:30, 20:30) | 목: 11:50 - 21:00 (브레이크타임: 15:00 - 17:30, 라스트오더: 14:30, 20:30) | 금: 11:50 - 21:00 (브레이크타임: 15:00 - 17:30, 라스트오더: 14:30, 20:30) | 토: 11:50 - 21:00 (브레이크타임: 15:00 - 17:30, 라스트오더: 14:30, 20:30) | 일: 11:50 - 20:30 (브레이크타임: 15:00 - 17:30, 라스트오더: 14:30, 20:00)"
무국 무국적식당,1998373722,양식,전북 전주시 완산구 전주객사3길 37 5 1층 무국적식당,0507-1434-1154,0.0,https://search.pstatic.net/common/?autoRotate=true&type=w560_sharpen&src=https%3A%2F%2Fldb-phinf.pstatic.net%2F20240907_93%2F1725692620126L5i8y_JPEG%2F184E5B24-99AF-4E83-A13E-45F7941ABED2.jpeg,콜키지 가능유료_생일 혜택_와인 페어링_예약_무선 인터넷_\반려동물 동반_단체 이용 가능_포장_유아의자_남/녀 화장실 구분_화장실 휠체어 이용가능_출입구 휠체어 이용가능_좌석 휠체어 이용가능,가능,"월: 11:30 - 22:30 (브레이크타임: 15:00 - 17:00, 라스트오더: 21:30) | 화: 11:30 - 22:30 (브레이크타임: 15:00 - 17:00, 라스트오더: 21:30) | 수: 11:30 - 22:30 (브레이크타임: 15:00 - 17:00, 라스트오더: 21:30) | 목: 11:30 - 22:30 (브레이크타임: 15:00 - 17:00, 라스트오더: 21:30) | 금: 11:30 - 22:30 (브레이크타임: 15:00 - 17:00, 라스트오더: 21:30) | 토: 11:30 - 23:00 (라스트오더: 22:00) | 일: 11:30 - 22:00 (라스트오더: 21:00)"
