업체코드,메뉴명,메뉴내용,메뉴가격
1647184627,육즙군만두 무료 N예약 이벤트,대표,무료
1647184627,수제딤섬 신메뉴 이벤트,대표,10000원
1647184627,아서원 원조짜장면,대표,7000원
1647184627,해물 볶음짜장 2인이상,대표,14000원
1647184627,통영굴짬뽕 겨울별미,대표,13000원
1647184627,통오징어짬뽕,대표,15000원
1647184627,새우볶음밥,대표,11000원
1647184627,가지덮밥,대표,13000원
1647184627,흑백요리사 마라크림새우딤섬,대표,15000원
1647184627,대나무버섯새우스프 2인이상주문,대표,10000원
1647184627,북경 탕수육 2 3인분 소,대표,25000원
1647184627,크림새우 칠리새우 깐풍새우,대표,28000원
1647184627,동파육,대표,38000원
1647184627,부추 호부추 잡채 겨울별미,대표,40000원
1647184627,아서원 매코스,대표,33000원
2099020069,통영굴짬뽕 겨울 계절한정메뉴,대표,14000원
2099020069,육즙군만두 N예약 이벤트,메뉴카테고리없음,무료
2099020069,아서원차돌짬뽕,메뉴카테고리없음,13000원
2099020069,전주물짜장 원조,메뉴카테고리없음,12000원
2099020069,100년 전통 아서원 짜장면,메뉴카테고리없음,9000원
2099020069,더울 땐 시원한 중국식 냉면,메뉴카테고리없음,14000원
2099020069,아서원짬뽕,메뉴카테고리없음,12000원
2099020069,통오징어 짬뽕,메뉴카테고리없음,15000원
2099020069,북경탕수육 소 2~3인분,메뉴카테고리없음,27000원
2099020069,해물 볶음짜장 2인이상,메뉴카테고리없음,17000원
2099020069,안 맵다 하얀백짬뽕,메뉴카테고리없음,13000원
2099020069,새우볶음밥,메뉴카테고리없음,12000원
2099020069,연두부덮밥,메뉴카테고리없음,13000원
2099020069,가성비 평일 런치A코스,메뉴카테고리없음,22000원
2099020069,가성비 평일 런치B세트,메뉴카테고리없음,22000원
1340584191,오마카세 5종 야키토리,대표,14000원
1340584191,양지순두부짬뽕,대표,24000원
1340584191,매콤닭가루비,대표,21000원
1340584191,돈코츠 오뎅나베,메뉴카테고리없음,22000원
1340584191,매생이 닭 백숙,메뉴카테고리없음,26000원
1340584191,바질술찜,메뉴카테고리없음,23000원
1340584191,육회,메뉴카테고리없음,25000원
1340584191,비프카레스튜,메뉴카테고리없음,19000원
1340584191,치킨난바,메뉴카테고리없음,21000원
1340584191,양송이새우아히죠,메뉴카테고리없음,20000원
1340584191,매콤크림파스타,메뉴카테고리없음,18500원
1340584191,나폴리탄파스타,메뉴카테고리없음,18500원
1340584191,명란알리오올리오,메뉴카테고리없음,18500원
1340584191,SIDE 신라면리조또,메뉴카테고리없음,9500원
1340584191,버터장조림솥밥,메뉴카테고리없음,11000원
1163302976,계도리탕,대표,30000원
1163302976,묵은지참치말이,대표,8000원
1163302976,대홍단주먹밥,대표,8000원
1163302976,닭두루치기,대표,12000원
1163302976,닭대창볶음,대표,30000원
1163302976,고민상담 T F,대표,무료
1163302976,대도리탕,메뉴카테고리없음,35000원
1163302976,계란말이,메뉴카테고리없음,6000원
1163302976,계도리막걸리,메뉴카테고리없음,4500원
1598840565,요거토마 대설 양 많은 2인분,대표,13000원
1598840565,요거토마 대설 1인분,대표,8800원
1598840565,크림치즈 오레오 대설 양 많은 2인분,대표,15900원
1598840565,돼지바 대설 양 많은 2인분,대표,14000원
1598840565,돼지바 대설 1인분,대표,8900원
2088731895,찐~한 우사골의 깊은맛 설렁탕,대표,12000원
2088731895,부드러운 양지고기의 참맛 특설렁탕,대표,15000원
2088731895,매콤 칼칼 해장엔 얼큰설렁탕,대표,13000원
2088731895,몸보신에 제격 일품 갈비탕,대표,20000원
2088731895,쫀득함 최상위 고급진맛 도가니탕,대표,22000원
2088731895,기력회복 영양만점 꼬리곰탕,대표,25000원
2088731895,풍부한 육즙 가득 한우소불고기,대표,24000원
2088731895,수육 기본 사골육수 제공,대표,62000원
2088731895,소갈비찜 기본 사골육수 제공,대표,62000원
2064186940,브루잉 커피 hot ice,메뉴카테고리없음,5000원
2064186940,카페오레 hot ice,메뉴카테고리없음,5000원
2064186940,플랫 크림 커피 hot ice,메뉴카테고리없음,5500원
2064186940,브라운 크림 커피 hot ice,메뉴카테고리없음,6000원
2064186940,말차 hot ice,메뉴카테고리없음,6500원
2064186940,봄 hot ice,메뉴카테고리없음,6500원
2064186940,가을 hot ice,메뉴카테고리없음,6500원
2064186940,플레인 휘낭시에,메뉴카테고리없음,2900원
2064186940,쏠트 캐러멜 휘낭시에,메뉴카테고리없음,3300원
2064186940,말차 초코 휘낭시에,메뉴카테고리없음,3600원
2064186940,오레오 밀크칩 휘낭시에,메뉴카테고리없음,3600원
2064186940,코코넛 커피 휘낭시에,메뉴카테고리없음,3600원
2064186940,트리플 쇼콜라 휘낭시에,메뉴카테고리없음,3600원
1379201438,김치돈까스나베,대표,11900원
1379201438,차슈덮밥,대표,12500원
1379201438,육회덮밥,대표,10900원
1379201438,만배라멘,대표,9500원
1379201438,매운만배라멘,대표,9900원
1379201438,스테이크덮밥,대표,12500원
1379201438,새우튀김 냉소바,메뉴카테고리없음,8900원
1379201438,초계냉면,메뉴카테고리없음,8900원
1379201438,김치대패덮밥,메뉴카테고리없음,9900원
1379201438,간장대패덮밥,메뉴카테고리없음,9900원
1379201438,신메뉴 돈까스 카레덮밥,메뉴카테고리없음,10500원
1379201438,신메뉴 가라아게카레덮밥,메뉴카테고리없음,9900원
1379201438,돈까스덮밥,메뉴카테고리없음,9500원
1379201438,치킨마요덮밥,메뉴카테고리없음,9500원
1379201438,제육덮밥,메뉴카테고리없음,9500원
1742540837,한돈암퇘지삼겹살 150g,대표,11000원
1742540837,한돈암퇘지목살 150g,대표,11000원
1742540837,한돈암퇘지 통가브리살 150g,대표,13000원
1742540837,한돈암퇘지 통항정살 150g,대표,16000원
1742540837,오일내한판세트 4인분,메뉴카테고리없음,53900원
1742540837,오일내반판 세트 2인분,메뉴카테고리없음,39800원
1742540837,고기듬뿍 치즈볶음밥,메뉴카테고리없음,7900원
1742540837,고기듬뿍 볶음밥 2인분,메뉴카테고리없음,6900원
1742540837,등심껍데기,메뉴카테고리없음,5900원
1742540837,물냉면,메뉴카테고리없음,5900원
1742540837,비빔냉면,메뉴카테고리없음,5900원
1742540837,돼지고기 김치찌개,메뉴카테고리없음,4900원
1742540837,꽃게 된장찌개,메뉴카테고리없음,4900원
1742540837,해장라면,메뉴카테고리없음,3900원
1742540837,치즈계란찜,메뉴카테고리없음,3900원
1219346271,고기듬뿍 국물두루치기,대표,14500원
1219346271,김치두루치기,대표,16500원
1219346271,마라두루치기,메뉴카테고리없음,16500원
1219346271,대파제윢볶음,메뉴카테고리없음,14500원
1219346271,김치제육볶음,메뉴카테고리없음,15500원
1219346271,마라제육볶음,메뉴카테고리없음,15500원
1219346271,매콤쭈꾸미,메뉴카테고리없음,16900원
1530011364,앙버터,대표,6000원
1530011364,무화과 프로마쥬,대표,3800원
1530011364,깜빠뉴,대표,6800원
1530011364,카페라떼,메뉴카테고리없음,3500원
1530011364,바닐라라떼,메뉴카테고리없음,4000원
1530011364,헤이즐넛 라떼,메뉴카테고리없음,4000원
1530011364,카라멜 라떼,메뉴카테고리없음,4000원
1530011364,카페모카,메뉴카테고리없음,4000원
1530011364,치즈브리오쉬,메뉴카테고리없음,8900원
1530011364,먹물빵,메뉴카테고리없음,5800원
1530011364,갈릭노아,메뉴카테고리없음,5800원
1530011364,카피콜라샌드위치,메뉴카테고리없음,7500원
1530011364,아메리카노,메뉴카테고리없음,3000원
1496549723,Cozy Burger,대표,7700원
1496549723,Double Burger,대표,10200원
1496549723,V.Deluxe Burger,대표,8400원
1496549723,B.L.T Burger,대표,8200원
1534410624,커스텀 샐러드,대표,2900원
1534410624,양송이 스프,메뉴카테고리없음,3900원
1534410624,단호박 스프,메뉴카테고리없음,3900원
1534410624,파스타 샐러드,메뉴카테고리없음,8400원
1534410624,들기름 메밀면 샐러드,메뉴카테고리없음,8400원
1534410624,구운 닭가슴살 샐러드,메뉴카테고리없음,8900원
1534410624,수비드 닭가슴살 샐러드,메뉴카테고리없음,8900원
1534410624,버섯과 가지 구이 샐러드,메뉴카테고리없음,8900원
1534410624,목살 샐러드,메뉴카테고리없음,9400원
1534410624,매콤 새우 샐러드,메뉴카테고리없음,10400원
1534410624,갈릭 새우 샐러드,메뉴카테고리없음,10400원
1534410624,부채살 샐러드,메뉴카테고리없음,10900원
1534410624,생연어 샐러드,메뉴카테고리없음,11300원
1036508971,상하이 파스타,대표,17000원
1036508971,알리오올리오,대표,15000원
1036508971,스페셜티본스테이크세트 2인,대표,99000원
1036508971,런치C 2~3인,대표,42000원
1036508971,꽃등심스테이크,대표,35000원
1036508971,살치살 스테이크,대표,35000원
1036508971,파티B 토마호크1.2kg 세트,대표,219000원
1036508971,사과고르곤졸라피자,대표,19000원
1036508971,목살 플레이트 300g,메뉴카테고리없음,23000원
1036508971,새우베이컨크림파스타,메뉴카테고리없음,16000원
1036508971,런치A 1인 스테이크 정식,메뉴카테고리없음,19000원
1036508971,런치B 2인,메뉴카테고리없음,37000원
1036508971,부채살 스테이크,메뉴카테고리없음,31000원
1036508971,안심 스테이크,메뉴카테고리없음,38000원
1036508971,우대 꽃갈비 스테이크,메뉴카테고리없음,45000원
1003090099,하우스캐러멜크림커피 14oz,대표,6300원
1003090099,아이스아메리카노 24oz,대표,4300원
1003090099,블루베리요거트스무디,대표,6500원
2065226658,감자채전 N예약시,대표,무료
2065226658,만만세트 HIT!,대표,36000원
2065226658,묵은지 순살 닭볶음탕 HIT!,대표,24000원
2065226658,밀푀유만두전골 HIT!,대표,24000원
2065226658,파닭전 HIT!,메뉴카테고리없음,18000원
2065226658,삼겹 미나리전 꼬소하고 향긋한,메뉴카테고리없음,18000원
2065226658,치즈감자채전 NEW,메뉴카테고리없음,18000원
2065226658,육회 감태 HIT!,메뉴카테고리없음,22000원
2065226658,들기름 막국수 중독되는 맛,메뉴카테고리없음,16000원
2065226658,달껍질교자 HIT!,메뉴카테고리없음,14000원
2065226658,약과빙수 완벽한 디저트,메뉴카테고리없음,16000원
2065226658,항정수육,메뉴카테고리없음,24000원
2065226658,돔베고기,메뉴카테고리없음,24000원
2065226658,통오징어수육,메뉴카테고리없음,24000원
2065226658,해물파전,메뉴카테고리없음,18000원
17474756,얼큰한김치찌개,메뉴카테고리없음,19000원
17474756,비빔밥,메뉴카테고리없음,6000원
17474756,카레밥,메뉴카테고리없음,5500원
17474756,비빔국수,메뉴카테고리없음,5500원
17474756,물국수,메뉴카테고리없음,5500원
17474756,라면,메뉴카테고리없음,5000원
17474756,전 반반,메뉴카테고리없음,15500원
17474756,해물솔전,메뉴카테고리없음,14500원
17474756,고추전,메뉴카테고리없음,14500원
17474756,계란말이,메뉴카테고리없음,15000원
17474756,닭똥집,메뉴카테고리없음,17500원
17474756,닭발무침,메뉴카테고리없음,18500원
17474756,제육볶음,메뉴카테고리없음,19000원
17474756,오징어볶음소면,메뉴카테고리없음,21500원
17474756,오돌뼈,메뉴카테고리없음,19000원
17122958,소바,대표,10000원
17122958,콩국수,대표,10000원
17122958,소바 곱,메뉴카테고리없음,12000원
17122958,비빔소바 곱,메뉴카테고리없음,12000원
17122958,콩국수 곱,메뉴카테고리없음,12000원
17122958,물냉면 곱,메뉴카테고리없음,12000원
17122958,비빔냉면 곱,메뉴카테고리없음,12000원
17122958,물냉면,메뉴카테고리없음,10000원
17122958,비빔냉면,메뉴카테고리없음,10000원
17122958,비빔소바,메뉴카테고리없음,10000원
17122958,콩물한그릇,메뉴카테고리없음,8000원
2049748405,함박오믈렛,대표,13000원
2049748405,오리지널 오믈렛,대표,11000원
2049748405,타마고산도,대표,6000원
2049748405,카츠산도,대표,7000원
2049748405,핫 스파이시 파스타,대표,11000원
2049748405,페퍼로니 피자,대표,12000원
2049748405,오일 파스타,메뉴카테고리없음,11000원
2049748405,베이컨 크림 파스타,메뉴카테고리없음,11000원
2049748405,로제 파스타,메뉴카테고리없음,13000원
2049748405,토마토 파스타,메뉴카테고리없음,12000원
2049748405,고르곤졸라 피자,메뉴카테고리없음,11000원
2049748405,에그하이볼,메뉴카테고리없음,5000원
2049748405,자몽하이볼,메뉴카테고리없음,6000원
2049748405,레몬하이볼,메뉴카테고리없음,6000원
2049748405,청포도에이드,메뉴카테고리없음,3000원
375214427,멘야케이만의 전주불콩나물모악산라멘,대표,16000원
375214427,멘야케이만의 전주콩나물모악산라멘,대표,15000원
375214427,빗꾸리 카라마제멘,대표,12000원
375214427,풀토핑 NO.1라멘 케이MAX멘,메뉴카테고리없음,13500원
375214427,NO.1 매운돈코츠 신케이MAX멘,메뉴카테고리없음,14500원
375214427,찍어먹는 매운라멘 카라츠케MAX멘,메뉴카테고리없음,15500원
375214427,찍어먹는 라멘 와후츠케MAX멘,메뉴카테고리없음,15500원
375214427,도쿄식 쇼유 돈코츠 케이라멘,메뉴카테고리없음,10000원
375214427,NO.1 매운돈코츠 신케이라멘,메뉴카테고리없음,11000원
375214427,시로네기 차슈멘,메뉴카테고리없음,11500원
375214427,찍어먹는 매운라멘 카라츠케멘,메뉴카테고리없음,12000원
375214427,찍어먹는 라멘 와후츠케멘,메뉴카테고리없음,12000원
375214427,미니차슈동,메뉴카테고리없음,4000원
375214427,사이드 NO.1 미니마요동,메뉴카테고리없음,4500원
375214427,미니참깨동,메뉴카테고리없음,4500원
1729691935,흑돼지인생돈까스,대표,9900원
1729691935,김치치즈돈까스나베,대표,10900원
1729691935,흑돼지 리얼치즈돈까스,메뉴카테고리없음,12500원
1729691935,흑돼지안심까스,메뉴카테고리없음,13500원
1729691935,흑돼지모듬까스,메뉴카테고리없음,15900원
1729691935,샐러드돈까스,메뉴카테고리없음,11900원
1729691935,매운 해물뎃판까스,메뉴카테고리없음,12900원
1729691935,눈꽃치즈돈까스,메뉴카테고리없음,12500원
1729691935,등반치반 돈까스,메뉴카테고리없음,11900원
1729691935,안반치반 돈까스,메뉴카테고리없음,11900원
1729691935,등반안반 돈까스,메뉴카테고리없음,11900원
1729691935,크림돈파스,메뉴카테고리없음,14900원
1729691935,토마토돈파스,메뉴카테고리없음,15500원
1729691935,로제돈파스,메뉴카테고리없음,15900원
1729691935,까르보나라파스타,메뉴카테고리없음,10900원
1446516924,텐동,메뉴카테고리없음,13000원
1446516924,에비텐동,메뉴카테고리없음,15500원
1446516924,가츠동,메뉴카테고리없음,14000원
1446516924,스테이크동,메뉴카테고리없음,19500원
1446516924,호르몬동,메뉴카테고리없음,17000원
1446516924,이베리코동,메뉴카테고리없음,17000원
1446516924,오야꼬동,메뉴카테고리없음,13000원
1446516924,연어새우장,메뉴카테고리없음,16500원
1446516924,사케동,메뉴카테고리없음,15000원
1446516924,사케뱃살동,메뉴카테고리없음,16000원
1446516924,연어장,메뉴카테고리없음,16000원
1446516924,생연어초밥10p,메뉴카테고리없음,16500원
1446516924,계절메뉴 냉소바 돈카츠,메뉴카테고리없음,13000원
1446516924,계절메뉴 연어장소바,메뉴카테고리없음,13500원
1446516924,김치나베돈까스,메뉴카테고리없음,12000원
34825919,월간메르밀 67월 자색고구마콩국수,대표,13000원
34825919,얼큰 우삼겹 온소바,대표,12000원
34825919,온소바 겨울 시그니처,대표,11000원
34825919,생들기름메밀,대표,12000원
34825919,메밀콩국수,대표,11000원
34825919,냉소바,대표,10000원
34825919,땡초소바,대표,11000원
34825919,비빔소바,대표,11000원
34825919,쑥떡콩국수,대표,12000원
34825919,돈까스,대표,10000원
34825919,메밀감자만두,메뉴카테고리없음,7000원
34825919,치즈돈까스,메뉴카테고리없음,11000원
34825919,맛보기콩물,메뉴카테고리없음,2500원
34825919,맛보기쑥쑥콩물,메뉴카테고리없음,3500원
2012739239,오리지널 한식 닭도리탕,대표,25900원
2012739239,묵은지 닭도리탕,메뉴카테고리없음,28900원
2012739239,한우대창 곱도리탕,메뉴카테고리없음,31900원
2012739239,순두부 닭도리탕,메뉴카테고리없음,27900원
2012739239,꽃게폭탄 닭도리탕,메뉴카테고리없음,34900원
2012739239,새우폭탄 새도리탕,메뉴카테고리없음,34900원
2012739239,모짜치즈 닭도리탕,메뉴카테고리없음,27900원
2012739239,찹쌀누룽지 닭도리탕,메뉴카테고리없음,27900원
2012739239,사골 백도리탕,메뉴카테고리없음,25900원
2012739239,고추튀김 3개,메뉴카테고리없음,5000원
2012739239,김말이 6개,메뉴카테고리없음,4000원
2012739239,새우튀김 3개,메뉴카테고리없음,4000원
2012739239,야채튀김 3개,메뉴카테고리없음,4000원
2012739239,오징어튀김 5개,메뉴카테고리없음,4000원
2012739239,모짜렐라치즈스틱 3개,메뉴카테고리없음,3500원
32708547,티라미수라떼,메뉴카테고리없음,5800원
32708547,카페 아메리카노,메뉴카테고리없음,4100원
32708547,카페 라떼,메뉴카테고리없음,4600원
32708547,카페 모카,메뉴카테고리없음,5100원
32708547,카라멜 마키아또,메뉴카테고리없음,5600원
32708547,플로팅 라떼,메뉴카테고리없음,6000원
32708547,콜드브루,메뉴카테고리없음,4500원
32708547,로얄 밀크티,메뉴카테고리없음,5500원
32708547,에스프레소,메뉴카테고리없음,3300원
32708547,쑥라떼,메뉴카테고리없음,5500원
11728244,육회비빔밥,메뉴카테고리없음,17000원
11728244,놋그릇비빔밥,메뉴카테고리없음,15000원
11728244,돌그릇비빔밥,메뉴카테고리없음,15000원
11728244,인삼비빔밥,메뉴카테고리없음,17000원
11728244,야채비빔밥,메뉴카테고리없음,14000원
11728244,어린이비빔밥,메뉴카테고리없음,11000원
11728244,황포묵육회,메뉴카테고리없음,40000원
11728244,파전,메뉴카테고리없음,18000원
11728244,불고기 1인분 250g,메뉴카테고리없음,20000원
11728244,뚝배기불고기 1인분 200g,메뉴카테고리없음,16000원
11728244,황포묵,메뉴카테고리없음,18000원
1195097272,도야짜장,대표,7000원
1195097272,도야짬뽕,대표,10000원
1195097272,간짜장,대표,9000원
1195097272,탕수육,대표,13000원
1195097272,볶음밥,대표,9000원
1195097272,소고기짬뽕,대표,12000원
1195097272,불고기잡채밥,대표,11000원
1195097272,해물누룽지탕,메뉴카테고리없음,23000원
1195097272,해물짬뽕탕,메뉴카테고리없음,23000원
1195097272,양장피,메뉴카테고리없음,30000원
1195097272,고추잡채,메뉴카테고리없음,21000원
1195097272,크림새우,메뉴카테고리없음,22000원
1195097272,칠리새우,메뉴카테고리없음,22000원
1195097272,깐풍새우,메뉴카테고리없음,22000원
1195097272,유린기,메뉴카테고리없음,22000원
95978698,무뼈국물닭발 중 2 3인,대표,24000원
95978698,통뼈국물닭발 중 2 3인,대표,23000원
95978698,크림무뼈닭발,대표,27000원
95978698,찹쌀 전기구이 통닭,대표,12000원
95978698,반반국물닭발 무뼈 통뼈,메뉴카테고리없음,24000원
95978698,무뼈닭발구이 중 2 3인,메뉴카테고리없음,24000원
95978698,기본세트 주먹밥 계란찜 쿨피스,메뉴카테고리없음,7000원
95978698,매콤 똥집튀김,메뉴카테고리없음,13000원
95978698,까르보나라,메뉴카테고리없음,10000원
1687072934,뉴뉴치킨,대표,19000원
1687072934,포테이토 라자냐,대표,18000원
1687072934,뉴뉴 크림 파스타,대표,16000원
1687072934,들기름 명란 파스타,대표,13000원
1687072934,바질 오일 파스타,대표,14000원
1687072934,파스트라미 치즈 샌드위치,대표,10000원
1687072934,뉴뉴 크림 리조또,대표,16000원
1687072934,김치볶음밥,대표,14000원
1687072934,토마토 마리네이드 카프레제,대표,9000원
1687072934,김페스토 파스타,메뉴카테고리없음,15000원
1687072934,뉴뉴 플레이트,메뉴카테고리없음,19000원
1687072934,뉴뉴포크,메뉴카테고리없음,25000원
1687072934,페퍼로니 라자냐,메뉴카테고리없음,20000원
1687072934,불고기크림파스타,메뉴카테고리없음,16000원
1687072934,쟌슨빌 나폴리탄,메뉴카테고리없음,14000원
13163796,소바,대표,10000원
13163796,콩국수,대표,10000원
13163796,비빔소바,메뉴카테고리없음,10000원
13163796,소바곱배기,메뉴카테고리없음,12000원
13163796,콩국수곱배기,메뉴카테고리없음,12000원
13163796,비빔소바곱배기,메뉴카테고리없음,12000원
13163796,콩물,메뉴카테고리없음,8000원
34006669,꽈트로포르마지,대표,20000원
34006669,스테이크베이컨샐러드,대표,13000원
34006669,가마클래식,대표,20000원
34006669,새우 명란 로제 파스타,대표,17000원
34006669,가마 직화불고기,메뉴카테고리없음,27000원
34006669,마르게리타,메뉴카테고리없음,17000원
34006669,고르곤졸라,메뉴카테고리없음,18000원
34006669,더블 페퍼로니,메뉴카테고리없음,19000원
34006669,농부피자,메뉴카테고리없음,19000원
34006669,더블치즈베이컨,메뉴카테고리없음,19000원
34006669,시저 샐러드,메뉴카테고리없음,13000원
34006669,리코타치즈 샐러드,메뉴카테고리없음,13000원
34006669,새우 대패 필라프,메뉴카테고리없음,18000원
34006669,베이컨크림 파스타,메뉴카테고리없음,16000원
34006669,감바스 알아히요 파스타,메뉴카테고리없음,19000원
11782597,한정식3~4인 양반가전통상 예약필수,대표,400000원
11782597,한정식3~4인 수라상 사전예약필수,대표,300000원
11782597,한정식3~4인 기준 특,대표,220000원
11782597,한정식3~4인 기준 진,대표,180000원
11782597,한정식3~4인 기준 선,메뉴카테고리없음,140000원
11782597,한정식3~4인 기준 미 평일점심한상,메뉴카테고리없음,120000원
11782597,2인정식 2인일경우만해당됨,메뉴카테고리없음,140000원
11782597,2인정식 2인일경우만해당됨,메뉴카테고리없음,110000원
11782597,꽃게장 포장가능,메뉴카테고리없음,35000원
11782597,갈비찜,메뉴카테고리없음,35000원
11782597,양념게장,메뉴카테고리없음,15000원
11782597,삼합 소,메뉴카테고리없음,15000원
11782597,삼합 중,메뉴카테고리없음,25000원
11782597,광어회,메뉴카테고리없음,30000원
11782597,신선로,메뉴카테고리없음,30000원
2052033549,정희 한상 플래터,대표,39900원
2052033549,고사리 크림 수제비,메뉴카테고리없음,13900원
2052033549,새우 감자전,메뉴카테고리없음,17900원
2052033549,강된장 케일 쌈밥,메뉴카테고리없음,10900원
2052033549,소고기 지짐밥,메뉴카테고리없음,13900원
2052033549,깻잎 고등어 지짐밥,메뉴카테고리없음,13900원
2052033549,정희 삼합,메뉴카테고리없음,19900원
2052033549,육전 카펠리니,메뉴카테고리없음,12900원
2052033549,봉골레 칼국수,메뉴카테고리없음,12900원
2052033549,육개장 칼국수,메뉴카테고리없음,12900원
2052033549,매콤들기름 메밀면,메뉴카테고리없음,10900원
2052033549,동치미 세비체 카펠리니,메뉴카테고리없음,13900원
2052033549,감태 타르타르,메뉴카테고리없음,11900원
2052033549,묵은지 회말이,메뉴카테고리없음,12900원
2052033549,어린이 자동차 세트,메뉴카테고리없음,9900원
19545775,월간메르밀 67월 자색고구마콩국수,대표,13000원
19545775,냉소바,대표,10000원
19545775,땡초소바,대표,11000원
19545775,온소바,대표,11000원
19545775,생들기름메밀,대표,12000원
19545775,메밀콩국수,대표,11000원
19545775,메밀 비빔소바,메뉴카테고리없음,11000원
19545775,오리지널 콩국수,메뉴카테고리없음,11000원
19545775,쑥떡콩국수,메뉴카테고리없음,12000원
19545775,돈까스,메뉴카테고리없음,10000원
19545775,치즈돈까스,메뉴카테고리없음,11000원
19545775,얇은피 만두,메뉴카테고리없음,7000원
19545775,맛보기콩물,메뉴카테고리없음,2500원
19545775,맛보기쑥쑥콩물,메뉴카테고리없음,3500원
1152003157,아돌체 Hot Ice,대표,7500원
1152003157,땅콩크림라떼 Only Ice,대표,8000원
1152003157,에스프레소,메뉴카테고리없음,5000원
1152003157,아메리카노 Hot,메뉴카테고리없음,5500원
1152003157,아메리카노 Ice,메뉴카테고리없음,6000원
1152003157,에스프레소 마끼야또,메뉴카테고리없음,5500원
1152003157,에스프레소 콘파냐,메뉴카테고리없음,5500원
1152003157,카페 비엔나 Hot Ice,메뉴카테고리없음,7000원
1152003157,카푸치노 Hot Ice,메뉴카테고리없음,7000원
1152003157,카페라떼 Hot Ice,메뉴카테고리없음,7000원
1152003157,바닐라 라떼 Hot Ice,메뉴카테고리없음,7000원
1152003157,헤이즐넛 라떼 Hot Ice,메뉴카테고리없음,7000원
1152003157,아포가토,메뉴카테고리없음,8000원
1152003157,콜드브루 Only Ice,메뉴카테고리없음,6000원
1152003157,하우스블랜드핸드드립 Hot Ice,메뉴카테고리없음,7000원
1317484628,1938 옛날빙수 2인분,대표,18000원
1317484628,1938크림라떼 Only Ice,대표,9000원
1317484628,한독당 밀크티 ICE HOT,대표,7500원
1317484628,쏠트 초코 휘낭시에,대표,4500원
1317484628,두바이쫀득볼 피스타치오,대표,7500원
1317484628,에그타르트,대표,4500원
1317484628,1938맨션 페스츄리 프렌치 토스트,대표,12000원
1317484628,K 떡갈비 로제 수제비,대표,23000원
1317484628,수제 뱅쇼 시즌메뉴,대표,12000원
1317484628,수제 뱅쇼 에이드 시즌메뉴,대표,12000원
1317484628,쏠트 캐러맬 휘낭시에,메뉴카테고리없음,3800원
1317484628,말차 초코 휘낭시에,메뉴카테고리없음,3800원
1317484628,플레인휘낭시에,메뉴카테고리없음,3500원
1317484628,커피 크럼블 휘낭시에,메뉴카테고리없음,3800원
1317484628,애플 크럼블 휘낭시에,메뉴카테고리없음,4300원
1111317495,다크쇼콜라 초코케이크,메뉴카테고리없음,13500원
1111317495,생딸기 크로플,메뉴카테고리없음,19000원
1111317495,실타래케이크,메뉴카테고리없음,12500원
1111317495,밀크 팥빙수,메뉴카테고리없음,19000원
1111317495,크로플,메뉴카테고리없음,16000원
1111317495,아메리카노,메뉴카테고리없음,6500원
1111317495,핸드드립커피,메뉴카테고리없음,12000원
1111317495,에스프레소,메뉴카테고리없음,6500원
1111317495,카페라떼,메뉴카테고리없음,7500원
16784383,PNB 오리지널초코파이,메뉴카테고리없음,2300원
16784383,PNB 화이트초코파이,메뉴카테고리없음,2500원
16784383,콘붓세,메뉴카테고리없음,2300원
16784383,땅콩센베,메뉴카테고리없음,10000원
16784383,깨센베,메뉴카테고리없음,9000원
16784383,김센베,메뉴카테고리없음,9000원
16784383,생강센베,메뉴카테고리없음,9000원
16784383,초코파이 10개,메뉴카테고리없음,23000원
16784383,미니초코파이 15개,메뉴카테고리없음,27000원
1142633504,상하이 버터떡 3개,대표,5800원
1142633504,코코넛 말차 크림 라떼,대표,6500원
1142633504,말차 라떼,대표,6200원
1142633504,스프링 포레스트 리프레서,대표,6800원
1142633504,스프링 포레스트 티,대표,6000원
1142633504,정오 히비스커스 블렌딩,대표,5500원
1142633504,늦은밤 캐모마일 블렌딩,대표,5500원
1142633504,장미 블렌딩 밀크티,대표,5800원
1142633504,얼그레이 블렌딩 밀크티,대표,5800원
1142633504,레몬 파운드,대표,4800원
1142633504,소금빵,대표,3200원
1142633504,아메리카노,메뉴카테고리없음,4500원
1142633504,카페라떼,메뉴카테고리없음,5000원
1142633504,콜드브루,메뉴카테고리없음,5200원
1142633504,바닐라라떼,메뉴카테고리없음,5500원
33277058,우리밀 수제 초코파이 10개,메뉴카테고리없음,23000원
33277058,우리밀 리얼 초코파이 10개,메뉴카테고리없음,25000원
33277058,우리밀 화이트 초코파이 10개,메뉴카테고리없음,25000원
33277058,우리밀 화이트 붓세 10개,메뉴카테고리없음,23000원
33277058,송실전병,메뉴카테고리없음,9000원
33277058,땅콩전병,메뉴카테고리없음,10000원
33277058,생강전병,메뉴카테고리없음,9000원
33277058,김전병,메뉴카테고리없음,9000원
1694616852,보석 육회 김밥,대표,32900원
1694616852,오삼 김치치즈전,대표,21900원
1694616852,육즙 폭발 육전,대표,19900원
1694616852,해물 듬뿍 파전,대표,21900원
1694616852,대동여지도주,대표,18000원
1694616852,따끈따끈 사골떡만둣국,대표,13000원
1694616852,육전 쌈밥 SET,대표,31000원
1694616852,전주한상차림,대표,99000원
1694616852,육회비빔밥,메뉴카테고리없음,15000원
1694616852,전주비빔밥 비건,메뉴카테고리없음,12000원
1694616852,전주 SET,메뉴카테고리없음,39500원
1694616852,따끈따끈 어묵탕,메뉴카테고리없음,9900원
1694616852,보석막국수,메뉴카테고리없음,17000원
1694616852,입안가득 육회비빔냉면,메뉴카테고리없음,14000원
1694616852,동치미 물냉면,메뉴카테고리없음,12000원
1246677842,콩물포장 0.5L,메뉴카테고리없음,6000원
1246677842,칼국수,메뉴카테고리없음,9000원
1246677842,쫄면,메뉴카테고리없음,8000원
1246677842,만두,메뉴카테고리없음,7000원
1246677842,콩국수,메뉴카테고리없음,10000원
1246677842,소바,메뉴카테고리없음,10000원
1848527934,수비드 문어 명란 오일파스타,대표,19500원
1848527934,바질페스토 크림리조또,대표,19500원
1848527934,수비드 닭다리살 스테이크,대표,22000원
1848527934,잣크림 딸리아뗄레,메뉴카테고리없음,21000원
1848527934,화이트 라구 파스타,메뉴카테고리없음,21000원
1848527934,갑오징어 구이,메뉴카테고리없음,15000원
1848527934,스패니쉬 뽈뽀 문어,메뉴카테고리없음,34000원
1848527934,꿀대구,메뉴카테고리없음,32000원
1848527934,과카몰리 오픈 토스트,메뉴카테고리없음,16000원
1848527934,살치살 스테이크 220g~,메뉴카테고리없음,48000원
1848527934,전복리조또,메뉴카테고리없음,21000원
1848527934,스파이시 봉골레 토마토 파스타,메뉴카테고리없음,18000원
1848527934,우니 성게알 크림 파스타,메뉴카테고리없음,26000원
1848527934,비스큐 크림 파스타,메뉴카테고리없음,23000원
1848527934,감바스 알 아히요,메뉴카테고리없음,21000원
1857315164,이탈리안돈까스세트ㅡㅡ,대표,13000원
1857315164,이탈리안돈까스ㅡㅡ,대표,11000원
16792504,원조 수제물갈비,대표,20000원
16792504,부추볶음밥,대표,3000원
16792504,새우부추전,메뉴카테고리없음,15000원
16792504,떡갈비,메뉴카테고리없음,13000원
16792504,아귀순살튀김,메뉴카테고리없음,16000원
16792504,계란찜,메뉴카테고리없음,5000원
16792504,공기밥,메뉴카테고리없음,1000원
16792504,만두사리,메뉴카테고리없음,3000원
16792504,야채사리,메뉴카테고리없음,3000원
16792504,라면사리,메뉴카테고리없음,3000원
16792504,당면사리,메뉴카테고리없음,3000원
1595618342,흑임자라떼,대표,8000원
1595618342,현미크림커피,대표,8500원
1595618342,아메리카노,대표,5500원
1595618342,벌꿀소금빵,대표,3400원
1595618342,플레인 소금빵,메뉴카테고리없음,3300원
1595618342,글레이즈 소금빵,메뉴카테고리없음,3500원
1595618342,명란 소금빵,메뉴카테고리없음,3500원
1595618342,생크림 소금빵,메뉴카테고리없음,4500원
1595618342,갈릭버터 소금빵,메뉴카테고리없음,4000원
1595618342,체다할라피뇨 소금빵,메뉴카테고리없음,4000원
1595618342,백앙금 버터롤,메뉴카테고리없음,4000원
1595618342,팥앙금 버터롤,메뉴카테고리없음,4000원
1595618342,티슈브레드,메뉴카테고리없음,7500원
1595618342,마블큐브,메뉴카테고리없음,7700원
1595618342,몽블랑,메뉴카테고리없음,5000원
33342797,전주왱이국밥,대표,9000원
33342797,모주 큰병,대표,10000원
33342797,모주 작은병,메뉴카테고리없음,5000원
33342797,모주 한잔,메뉴카테고리없음,2000원
33342797,어린이국밥,메뉴카테고리없음,7000원
1528741155,소금 슈페너,대표,6500원
1528741155,초코바게트,대표,7300원
1528741155,소금빵,대표,3000원
1528741155,와인 한잔 바닐라 아이스크림,대표,13900원
1528741155,소금빵 우베 아이스크림,대표,7300원
1528741155,피스타치오 슈페너,메뉴카테고리없음,6900원
1528741155,피스타치오 크림치즈 바게트 샌드위치,메뉴카테고리없음,8500원
1528741155,소금빵 샌드위치,메뉴카테고리없음,6500원
1528741155,어니언 수프 소금빵 러스크,메뉴카테고리없음,11900원
1528741155,아메리카노,메뉴카테고리없음,4500원
1528741155,카페라떼,메뉴카테고리없음,5000원
1528741155,솔티 카라멜,메뉴카테고리없음,6000원
1528741155,명란마요 소금빵,메뉴카테고리없음,4300원
1528741155,바질 소금빵,메뉴카테고리없음,3800원
1528741155,대파크림치즈 소금빵,메뉴카테고리없음,4300원
1457865014,큐브라떼,메뉴카테고리없음,4200원
1457865014,쿠키프라페,메뉴카테고리없음,3900원
1457865014,퐁크러쉬 플레인,메뉴카테고리없음,3900원
1457865014,딸기라떼,메뉴카테고리없음,3700원
1457865014,아이스 아메리카노,메뉴카테고리없음,2000원
36668406,특한울정식 2인이상 주문가능,대표,25000원
36668406,수제떡갈비정식 2인이상 주문가능,대표,14800원
36668406,더덕제육불고기정식 2인이상 주문가능,메뉴카테고리없음,14800원
36668406,백반정식 2인이상 주문가능,메뉴카테고리없음,12000원
36668406,모주,메뉴카테고리없음,10000원
36668406,떡갈비 추가,메뉴카테고리없음,6000원
36668406,제육 1접시 추가,메뉴카테고리없음,9000원
16795216,육회비빔밥,대표,17000원
16795216,전주비빔밥,대표,15000원
16795216,돌솥비빔밥,대표,15000원
16795216,낙지비빔밥,메뉴카테고리없음,17000원
16795216,한우육회 200g,메뉴카테고리없음,40000원
16795216,돌판불고기,메뉴카테고리없음,28000원
16795216,육전 8장,메뉴카테고리없음,25000원
16795216,해물파전,메뉴카테고리없음,15000원
16795216,황포묵회,메뉴카테고리없음,15000원
16795216,한우세트2인,메뉴카테고리없음,70000원
16795216,한우세트3인,메뉴카테고리없음,84000원
16795216,한우세트4인,메뉴카테고리없음,98000원
16795216,육회세트2인,메뉴카테고리없음,66000원
16795216,육회세트3인,메뉴카테고리없음,80000원
16795216,육회세트4인,메뉴카테고리없음,95000원
11540579,전주비빔밥,대표,14000원
11540579,육회비빔밥,대표,17000원
11540579,파전,메뉴카테고리없음,14000원
11540579,떡갈비,메뉴카테고리없음,14000원
11540579,전주비빔밥 떡갈비,메뉴카테고리없음,21000원
11540579,산더미불고기 중,메뉴카테고리없음,48000원
11540579,산더미불고기 대,메뉴카테고리없음,64000원
11540579,육회 180g,메뉴카테고리없음,35000원
11540579,육회탕탕이,메뉴카테고리없음,58000원
11540579,찹쌀생주,메뉴카테고리없음,8000원
11540579,모주 한 잔,메뉴카테고리없음,5000원
11540579,모주,메뉴카테고리없음,12000원
1705369488,바게트버거,대표,6000원
1705369488,컵과일,메뉴카테고리없음,6000원
1705369488,과일도시락,메뉴카테고리없음,10000원
1705369488,파인애플 바게트버거,메뉴카테고리없음,8000원
1705369488,멜론주스 바게트버거,메뉴카테고리없음,8500원
1705369488,아메리카노 바게트버거 ice,메뉴카테고리없음,9000원
1705369488,아메리카노 바게트버거 hot,메뉴카테고리없음,8500원
1705369488,콜라 바게트버거,메뉴카테고리없음,7500원
1705369488,사이다 바게트버거,메뉴카테고리없음,7500원
1705369488,탄산수 바게트버거,메뉴카테고리없음,7200원
1705369488,망고주스,메뉴카테고리없음,8500원
1705369488,망고 파인,메뉴카테고리없음,7500원
1705369488,망고 바나나,메뉴카테고리없음,7500원
1705369488,바나나 우유,메뉴카테고리없음,5500원
1705369488,자몽,메뉴카테고리없음,6500원
1196809444,물갈비해장국 순한맛 보통맛,대표,9000원
1196809444,고기듬뿍 돼지국밥,대표,9000원
1196809444,특 물갈비해장국 순한맛 보통맛,대표,11000원
1196809444,피순대물갈비해장국,대표,11000원
1196809444,전주물갈비전골,대표,14000원
1196809444,1인정식 물갈비해장국 떡갈비육전,대표,14000원
1196809444,1인정식 물갈비해장국 머리고기편육,대표,14000원
1196809444,1인정식 물갈비해장국 남문피순대,대표,15000원
1196809444,피순대국밥,대표,9000원
1196809444,특 소내장탕,대표,9000원
1196809444,사골콩나물해장국,대표,8000원
1196809444,남문피순대 한접시,메뉴카테고리없음,10000원
1196809444,떡갈비육전,메뉴카테고리없음,6000원
1196809444,소주 맥주 막걸리 할인판매,메뉴카테고리없음,3000원
1161529397,필터 커피,대표,변동
1161529397,파운드케이크,메뉴카테고리없음,6800원
1161529397,티라미수,메뉴카테고리없음,6800원
1161529397,크림더블샷,메뉴카테고리없음,6000원
1161529397,플랫화이트,메뉴카테고리없음,5000원
1161529397,아메리카노,메뉴카테고리없음,4500원
1161529397,아포카토,메뉴카테고리없음,6000원
1161529397,카페라떼,메뉴카테고리없음,5000원
1161529397,바닐라라떼,메뉴카테고리없음,5500원
1161529397,원두 도소매 납품,메뉴카테고리없음,변동
1161529397,원두 드립백 콜드브루,메뉴카테고리없음,변동
1547379426,생불고기 소,메뉴카테고리없음,34000원
1547379426,바싹불고기 2인,메뉴카테고리없음,34000원
1547379426,육회 200g,메뉴카테고리없음,35000원
1547379426,생불고기 미니전주비빔밥,메뉴카테고리없음,26000원
1547379426,바싹불고기 미니전주비빔밥,메뉴카테고리없음,26000원
1547379426,바싹불고기 물냉면,메뉴카테고리없음,21000원
1547379426,생불고기 중,메뉴카테고리없음,51000원
1547379426,생불고기 대,메뉴카테고리없음,68000원
1547379426,바싹불고기 3인,메뉴카테고리없음,51000원
1547379426,바싹불고기 4인,메뉴카테고리없음,68000원
1547379426,전주비빔밥,메뉴카테고리없음,13000원
1547379426,육회비빔밥,메뉴카테고리없음,16000원
1547379426,물냉면,메뉴카테고리없음,10000원
1547379426,비빔냉면,메뉴카테고리없음,10000원
1988260686,레몬생강차,메뉴카테고리없음,7500원
1988260686,산딸기 수제 요거트,메뉴카테고리없음,7000원
1988260686,아메리카노,메뉴카테고리없음,5500원
1988260686,에스프레소 더블샷,메뉴카테고리없음,5500원
1988260686,카페라떼,메뉴카테고리없음,6500원
1988260686,카라멜마끼아또,메뉴카테고리없음,7500원
1988260686,카푸치노,메뉴카테고리없음,6500원
1988260686,아포가토,메뉴카테고리없음,7500원
1988260686,가나슈딸기초코케이크,메뉴카테고리없음,8800원
1988260686,당근 스퀘어,메뉴카테고리없음,9500원
1988260686,꿀고구마 케이크,메뉴카테고리없음,8800원
1988260686,제리치즈케이크,메뉴카테고리없음,8500원
1988260686,피스타치오 딸기 스퀘어,메뉴카테고리없음,9500원
1988260686,레인보우 크림 케이크,메뉴카테고리없음,9500원
1988260686,흑임자 갸또 케이크,메뉴카테고리없음,9500원
1978054842,육회100g,대표,10000원
1978054842,생고기 육사시미 100g,대표,15000원
1978054842,점심특선 육회비빔밥,대표,8000원
1978054842,점심특선 한우얼큰국밥,대표,8000원
1978054842,점심특선 한우육회물회,대표,13000원
1978054842,한우투뿔안심100g,대표,24000원
1978054842,한우투뿔등심 100g,대표,23000원
1978054842,한우투뿔채끝100g,대표,24000원
1978054842,선물세트1,메뉴카테고리없음,200000원
1978054842,선물세트2,메뉴카테고리없음,300000원
1674437430,도미 광어 모듬,대표,48000원
1674437430,도미회,메뉴카테고리없음,35000원
1674437430,히라메 고노와다,메뉴카테고리없음,38000원
1674437430,우니,메뉴카테고리없음,29000원
1674437430,참치 타다끼,메뉴카테고리없음,24000원
1674437430,소금육회 200g,메뉴카테고리없음,25000원
1674437430,소고기 타다끼,메뉴카테고리없음,28000원
1674437430,미나리 삼겹 볶음,메뉴카테고리없음,25000원
1674437430,장어 한마리 다시마끼 계란말이,메뉴카테고리없음,35000원
1674437430,매운 우삼겹 숙주 볶음,메뉴카테고리없음,24000원
1674437430,나가사키 짬뽕탕,메뉴카테고리없음,24000원
1674437430,백합탕,메뉴카테고리없음,28000원
1674437430,굴라쉬 바게트 포함,메뉴카테고리없음,28000원
1674437430,바지락 술찜,메뉴카테고리없음,24000원
1674437430,어묵탕,메뉴카테고리없음,24000원
1179533799,전주유일 1인 스키야키 정식 부채살,대표,12000원
1179533799,꼬치 샤브정식 담백한 맛,대표,9000원
1179533799,꼬치 샤브정식 얼큰한 맛,대표,9000원
1179533799,냉삼구이 정식 한돈 1 등급,대표,10000원
1179533799,냉목살구이 정식 한돈 1 등급,대표,9000원
1179533799,목전지 김치찌개 정식,대표,9000원
1179533799,김치말이 냉 국수,대표,7000원
1179533799,시원~한 REAL 생맥주 300ml,대표,3000원
2035360458,모둠 삼겹 천겹 등심덧살,대표,38000원
2035360458,삼겹,대표,16000원
2035360458,천겹,대표,16000원
2035360458,로스삼겹,대표,16000원
2035360458,돌판짜파게티,대표,6500원
2035360458,석암볶음밥,대표,5000원
2035360458,한우 차돌박이 1,메뉴카테고리없음,25000원
2035360458,해물된장찌개,메뉴카테고리없음,6500원
2035360458,치즈된장술밥,메뉴카테고리없음,7000원
2035360458,김치찌개,메뉴카테고리없음,7000원
2035360458,물냉면,메뉴카테고리없음,6500원
2035360458,비빔냉면,메뉴카테고리없음,6500원
2035360458,명란계란탕,메뉴카테고리없음,6000원
2035360458,생미나리,메뉴카테고리없음,5000원
2035360458,묵사발,메뉴카테고리없음,4000원
2050064407,포크텐더 플래터,메뉴카테고리없음,17500원
2050064407,치킨브레스트 플래터,메뉴카테고리없음,17500원
2050064407,칠리쉬림프 플레터,메뉴카테고리없음,17500원
2050064407,스모크 머쉬룸 플레터,메뉴카테고리없음,16500원
2050064407,스모크 살몬 플레터,메뉴카테고리없음,18500원
2050064407,프로틴 두부 플레터,메뉴카테고리없음,16500원
2050064407,올리빈 샐러드,메뉴카테고리없음,8500원
2050064407,포크텐더 샐러드,메뉴카테고리없음,11500원
2050064407,치킨브레스트 샐러드,메뉴카테고리없음,11500원
2050064407,칠리쉬림프 샐러드,메뉴카테고리없음,12500원
2050064407,스모크 살몬 샐러드,메뉴카테고리없음,12500원
2050064407,스모크 머쉬룸 샐러드,메뉴카테고리없음,10500원
2050064407,두부 아보카도 샐러드,메뉴카테고리없음,11500원
2050064407,츨브르 터키쉬에그,메뉴카테고리없음,12500원
2050064407,올리빈 도우번 샌드위치,메뉴카테고리없음,8800원
2040733389,타베호다이A코스 무한리필 사이드무한,대표,24800원
2040733389,타베호다이B코스 무한리필 사이드무한,대표,29800원
2040733389,타베호다이C코스 무한리필 사이드무한,대표,34800원
2040733389,노미호다이 주류무제한,대표,16800원
2040733389,사이드 메뉴 무한리필 코스주문시무료,메뉴카테고리없음,변동
2040733389,하이볼 10종,메뉴카테고리없음,6900원
2040733389,사와 8종,메뉴카테고리없음,6900원
2040733389,에이드 8종,메뉴카테고리없음,3900원
2040733389,소주,메뉴카테고리없음,5000원
2040733389,맥주,메뉴카테고리없음,5000원
2040733389,도쿠리 300ml,메뉴카테고리없음,9800원
2040733389,모구모구,메뉴카테고리없음,2500원
2040733389,음료 2000원,메뉴카테고리없음,2000원
2040733389,와인 200ml 레드 화이트,메뉴카테고리없음,3500원
2040733389,우롱차,메뉴카테고리없음,3500원
1658039837,달빛 반상 평일점심특선,메뉴카테고리없음,14500원
1658039837,달빛 반상 1인,메뉴카테고리없음,15000원
1658039837,보름 한상 2인,메뉴카테고리없음,32000원
1658039837,모듬구이 2인,메뉴카테고리없음,39000원
1658039837,모듬구이 3인,메뉴카테고리없음,53000원
1658039837,모듬구이 4인,메뉴카테고리없음,72000원
1658039837,고등어구이 반마리,메뉴카테고리없음,12500원
1658039837,삼치구이 반마리,메뉴카테고리없음,12500원
1658039837,임연수구이,메뉴카테고리없음,17000원
1658039837,볼락구이,메뉴카테고리없음,17000원
1658039837,갈치구이,메뉴카테고리없음,21000원
1658039837,보리 굴비구이,메뉴카테고리없음,25000원
1658039837,뚝배기 고등어 조림,메뉴카테고리없음,14000원
1658039837,석쇠 고추장 불고기,메뉴카테고리없음,14000원
1658039837,소뚝불고기,메뉴카테고리없음,15500원
35262409,낙지볶음 비 조리 공기밥별도 대,대표,72000원
35262409,낙지볶음 비 조리 공기밥별도 중,대표,54000원
35262409,낙지볶음 비 조리 공기밥별도 소,대표,37000원
35262409,낙지볶음 공기밥 별도 대,대표,72000원
35262409,낙지볶음 공기밥 별도 중,대표,54000원
2092423541,소금빵,대표,2900원
2092423541,왁뿌 소금빵,메뉴카테고리없음,6900원
2092423541,전주소금빵 4set,메뉴카테고리없음,9900원
2092423541,어니언 명란 소금빵,메뉴카테고리없음,3800원
2092423541,우유크림 소금빵,메뉴카테고리없음,3800원
2092423541,퇴근 소금빵,메뉴카테고리없음,2900원
2092423541,퇴근소금빵 4set,메뉴카테고리없음,9900원
2092423541,꾸덕 초코 소금빵,메뉴카테고리없음,3800원
2092423541,에그마요 소금빵,메뉴카테고리없음,3800원
2092423541,대파크림치즈 소금빵,메뉴카테고리없음,3800원
2092423541,카스테라 소금빵,메뉴카테고리없음,3800원
2092423541,앙버터 소금빵,메뉴카테고리없음,3800원
2092423541,카야버터 소금빵,메뉴카테고리없음,4400원
2092423541,마늘크림치즈 소금빵,메뉴카테고리없음,4400원
2092423541,소세지 피자빵,메뉴카테고리없음,4400원
1767903379,냉소바 생면,대표,10000원
1767903379,주문1위 오야꼬동,대표,12000원
1767903379,고기듬뿍규동,대표,12000원
1767903379,산더미 가라아게동,대표,14000원
1767903379,곤부즈메 생연어덮밥 10그릇한정,대표,17500원
1767903379,한돈등심 가츠동,대표,12000원
1767903379,나고야마제소바,대표,11000원
1767903379,시즌메뉴 연어깍두기덮밥,메뉴카테고리없음,17500원
1767903379,냉소바 한돈등심카츠,메뉴카테고리없음,14900원
1767903379,마제소바 한돈등심카츠,메뉴카테고리없음,15900원
1767903379,미니냉소바,메뉴카테고리없음,4500원
1767903379,타코야끼8p,메뉴카테고리없음,5500원
1767903379,한돈등심카츠 130g,메뉴카테고리없음,5500원
1767903379,가라아게 5p,메뉴카테고리없음,5500원
1954251906,몽유도 2인세트,메뉴카테고리없음,43000원
1954251906,몽유도 3~4인세트,메뉴카테고리없음,68000원
1954251906,뼈대삼겹 250g,메뉴카테고리없음,17000원
1954251906,저온숙성삼겹,메뉴카테고리없음,16000원
1954251906,저온숙성목살,메뉴카테고리없음,16000원
1954251906,이베리코 항정살,메뉴카테고리없음,15000원
1954251906,이베리코늑간살,메뉴카테고리없음,15000원
1954251906,특목살 김치찌개,메뉴카테고리없음,7000원
1954251906,물냉면 비빔냉면,메뉴카테고리없음,6000원
1954251906,솥판볶음밥 2인이상,메뉴카테고리없음,3000원
1954251906,계란찜,메뉴카테고리없음,3000원
1027304409,OTC SET,대표,16000원
1027304409,혼합츄러스,대표,9000원
1027304409,오츄로,대표,8500원
1027304409,원츄로,대표,3800원
1027304409,카라멜팝콘 Regular,메뉴카테고리없음,4000원
1027304409,카라멜팝콘 Large,메뉴카테고리없음,8000원
1027304409,젤라츄러스,메뉴카테고리없음,7500원
1027304409,말차피스타치오 말차아포카토,메뉴카테고리없음,6500원
1027304409,체리에이드,메뉴카테고리없음,7000원
1027304409,허니시나몬 Only Ice,메뉴카테고리없음,6000원
1027304409,오티씨라떼 Only Ice,메뉴카테고리없음,6500원
1027304409,에스프레소,메뉴카테고리없음,4000원
1027304409,아메리카노 Ice,메뉴카테고리없음,4500원
1027304409,민트커피,메뉴카테고리없음,5500원
1027304409,아메리카노 Hot,메뉴카테고리없음,4500원
2077158695,플레인 소금빵,대표,2900원
2077158695,우유크림 소금빵,메뉴카테고리없음,3800원
2077158695,에그마요 소금빵,메뉴카테고리없음,4500원
2077158695,갈릭버터 소금빵,메뉴카테고리없음,4500원
2077158695,소보로팥 소금빵,메뉴카테고리없음,4600원
2077158695,화이트롤 소금빵,메뉴카테고리없음,4600원
2077158695,라우겐소시지 소금빵,메뉴카테고리없음,4600원
2077158695,라우겐쪽파크림 소금빵,메뉴카테고리없음,4800원
2077158695,명란마요 소금빵,메뉴카테고리없음,4800원
2077158695,트러플 소금빵,메뉴카테고리없음,4800원
2077158695,감자치즈 소금빵,메뉴카테고리없음,4800원
2077158695,딥브라우니초코 소금빵,메뉴카테고리없음,5000원
2077158695,아메리카노,메뉴카테고리없음,3000원
2077158695,라떼,메뉴카테고리없음,4000원
2077158695,바닐라 라떼,메뉴카테고리없음,4500원
1119515452,프렌치 랙 180g,대표,25000원
1119515452,양 생갈비 숄더랙 200g,대표,23000원
1119515452,양등심 200g,메뉴카테고리없음,23000원
1119515452,생갈빗살 갈빗살 200g,메뉴카테고리없음,20000원
1119515452,양 소금양념구이 갈빗살 200g,메뉴카테고리없음,18000원
1119515452,양꼬치 10꼬치,메뉴카테고리없음,18000원
1119515452,바지락 짬뽕,메뉴카테고리없음,23000원
1119515452,해물누룽지탕,메뉴카테고리없음,22000원
1119515452,가지튀김,메뉴카테고리없음,20000원
1119515452,새우튀김,메뉴카테고리없음,20000원
1119515452,강된장밥,메뉴카테고리없음,8000원
1119515452,양 철판볶음밥,메뉴카테고리없음,8000원
1119515452,옥수수 냉면,메뉴카테고리없음,8000원
1119515452,숙주볶음면,메뉴카테고리없음,8000원
1119515452,마늘꼬치 3꼬치,메뉴카테고리없음,2000원
1651846978,마르게리따 부팔라,대표,21000원
1651846978,마르게리따 리코타,대표,23000원
1651846978,라자냐,대표,23000원
1651846978,비스마르크,대표,26000원
1651846978,깔조네,대표,25000원
1582706255,슈바인학센,대표,28000원
1582706255,에이트피자,대표,21000원
1582706255,스파이시 감바스,대표,21000원
1582706255,카이피리냐,대표,10000원
1582706255,프로즌,대표,11000원
1582706255,학센 세트,메뉴카테고리없음,60000원
1582706255,슈림프 크림스튜,메뉴카테고리없음,58000원
1582706255,감바스 세트,메뉴카테고리없음,50000원
1582706255,파스타 세트,메뉴카테고리없음,50000원
1582706255,치즈 과일 플레이트,메뉴카테고리없음,25000원
1582706255,크림치즈 보드,메뉴카테고리없음,17000원
1582706255,과일 치즈 플레이트,메뉴카테고리없음,17000원
1582706255,크림파스타,메뉴카테고리없음,16000원
1582706255,로제크림파스타,메뉴카테고리없음,17000원
1582706255,바질크림파스타,메뉴카테고리없음,17000원
1881842274,제빵 디저트,대표,변동
1881842274,에스프레소,메뉴카테고리없음,3800원
1881842274,아메리카노,메뉴카테고리없음,4000원
1881842274,카페라떼,메뉴카테고리없음,4500원
1881842274,카푸치노,메뉴카테고리없음,4500원
1881842274,카페모카,메뉴카테고리없음,5000원
2046308559,성산 국내산 돗주먹 목살 200g,대표,14900원
2046308559,72시간 청귤 숙성 제주 오겹살,대표,16900원
2046308559,성산 활화산 볶음밥,메뉴카테고리없음,7900원
2046308559,이호테우 해변 전복 크림리조또,메뉴카테고리없음,9900원
2046308559,애월 한근 2~3인 세트 600g,메뉴카테고리없음,49800원
2046308559,성산 용두암 세트 600g,메뉴카테고리없음,53800원
2046308559,우도 게딱지 볶음밥,메뉴카테고리없음,9900원
2046308559,애월 열무 물냉면,메뉴카테고리없음,5900원
2046308559,용두암 우렁 한우 된장술밥,메뉴카테고리없음,6900원
2046308559,서귀포 고사리 열무비빔밥,메뉴카테고리없음,5900원
2046308559,제주촌 새콤달콤 비빔쫄면,메뉴카테고리없음,5900원
2046308559,성산 국내산 갈비살 180g,메뉴카테고리없음,14900원
2046308559,성산 국내산 돗삼겹살 180g,메뉴카테고리없음,15900원
2046308559,우도 한근반 3~4인 세트 900g,메뉴카테고리없음,68800원
2046308559,성산 국내산 돗갈매기살 180g,메뉴카테고리없음,15900원
1517836857,명품 규카츠 표준,대표,15000원
1517836857,명품니꾸 표준,대표,15000원
1517836857,명품 스테키동,대표,14000원
1517836857,명품 규카츠동,대표,15000원
1517836857,명품 규카츠 점보,대표,20000원
1517836857,명품 규카츠 더블,대표,25000원
1517836857,명품 니꾸 더블,대표,25000원
1517836857,니꾸 우동,메뉴카테고리없음,12000원
1517836857,구워먹는 임실치즈 최고품질,메뉴카테고리없음,2000원
1517836857,아지타마고 반숙계란장,메뉴카테고리없음,1000원
1517836857,새우튀김,메뉴카테고리없음,3000원
1517836857,생맥주 300,메뉴카테고리없음,3000원
1517836857,생맥주 500,메뉴카테고리없음,4500원
1517836857,산토리 하이볼,메뉴카테고리없음,6000원
1517836857,음료 콜라 사이다 제로콜라 환타,메뉴카테고리없음,2000원
1681529226,레스큐어버터 소금빵,대표,3000원
1681529226,두바이 크루아상,대표,6800원
1681529226,오리지널크루아상,대표,4500원
1681529226,프랭크커피,대표,6000원
1681529226,바닐라팡스위스,대표,5500원
1681529226,티슈브레드,대표,7000원
1681529226,딸기 대니쉬,대표,6500원
1681529226,딸기 크로플,대표,14000원
1681529226,레몬샤베트에이드,대표,7000원
1681529226,카페 콘파나,대표,3500원
1681529226,치즈크로플,대표,9000원
1681529226,명란마요소금빵,메뉴카테고리없음,3800원
1681529226,피스타치오 퀸아망,메뉴카테고리없음,4200원
1681529226,에그타르트,메뉴카테고리없음,2800원
1681529226,바닐라크러핀,메뉴카테고리없음,5500원
2000922127,하와이안 생 파인 씨푸드 라이스,메뉴카테고리없음,16900원
2000922127,알싸한 갈릭 쉬림프 라이스,메뉴카테고리없음,15900원
2000922127,담백한 게살 라이스,메뉴카테고리없음,14900원
2000922127,새콤달콤 직화 불고기 분짜,메뉴카테고리없음,17900원
2000922127,타이로컬푸드 쉬림프 팟타이,메뉴카테고리없음,15900원
2000922127,담백가득 우삼겹 양지 쌀국수,메뉴카테고리없음,11500원
2000922127,불맛가득 직화 불고기 쌀국수,메뉴카테고리없음,10500원
2000922127,프리미엄 아롱사태 쌀국수,메뉴카테고리없음,13900원
1444733898,하남부추 불대창 검단산라멘,대표,17000원
1444733898,멘야케이만의 전주불콩나물 모악산라멘,대표,16000원
1444733898,멘야케이만의 전주콩나물모악산라멘,대표,15000원
1444733898,빗꾸리 카라마제멘,대표,12000원
1444733898,NO.1 매운돈코츠 신케이MAX멘,대표,14500원
1444733898,풀토핑 NO.1라멘 케이MAX멘,메뉴카테고리없음,13500원
1444733898,찍어먹는 매운라멘 카라츠케MAX멘,메뉴카테고리없음,15500원
1444733898,찍어먹는 라멘 와후츠케MAX멘,메뉴카테고리없음,15500원
1444733898,도쿄식 쇼유 돈코츠 케이라멘,메뉴카테고리없음,10000원
1444733898,NO.1 매운돈코츠 신케이라멘,메뉴카테고리없음,11000원
1444733898,시로네기 차슈멘,메뉴카테고리없음,11500원
1444733898,찍어먹는 라멘 와후츠케멘,메뉴카테고리없음,12000원
1444733898,찍어먹는 매운라멘 카라츠케멘,메뉴카테고리없음,12000원
1444733898,미니차슈동,메뉴카테고리없음,4000원
1444733898,사이드 NO.1 미니마요동,메뉴카테고리없음,4500원
1308357339,수제 돼지갈비,대표,18000원
1308357339,수제 소 양념갈비,대표,38000원
1308357339,수제 LA갈비,대표,31000원
1308357339,함흥 물냉면,대표,9000원
1308357339,함흥 비빔냉면,대표,9000원
1308357339,숯불 삼겹살,메뉴카테고리없음,19000원
1308357339,한우 꽃등심,메뉴카테고리없음,37000원
1308357339,한우육회,메뉴카테고리없음,22000원
1308357339,전통 갈비탕,메뉴카테고리없음,13000원
1308357339,갈비 해장국,메뉴카테고리없음,13000원
1308357339,해장국,메뉴카테고리없음,8000원
1308357339,육회비빔밥,메뉴카테고리없음,13000원
1308357339,누룽지,메뉴카테고리없음,4000원
1308357339,공기밥,메뉴카테고리없음,1000원
1308357339,점심 특선 수제 소 양념갈비,메뉴카테고리없음,36000원
1497463405,삼겹살,대표,변동
1497463405,숙성삼겹살,메뉴카테고리없음,변동
34016552,바게뜨,대표,3000원
34016552,크루아상,대표,3000원
34016552,소금빵,대표,2500원
34016552,치아바타,메뉴카테고리없음,2500원
34016552,올리브치아바타,메뉴카테고리없음,2800원
34016552,치즈치아바타,메뉴카테고리없음,3200원
34016552,무화과 크림치즈 호밀빵,메뉴카테고리없음,6000원
34016552,뺑오쇼콜라,메뉴카테고리없음,4000원
34016552,소시지페스츄리,메뉴카테고리없음,3000원
34016552,명란포카치아,메뉴카테고리없음,2500원
34016552,브리오슈,메뉴카테고리없음,3000원
34016552,퀸아망,메뉴카테고리없음,4000원
34016552,휘낭시에,메뉴카테고리없음,2500원
34016552,르뱅쿠키,메뉴카테고리없음,3000원
34016552,갈레트부르통,메뉴카테고리없음,2000원
1559037357,로스카츠,대표,13000원
1559037357,히레카츠,대표,14000원
1559037357,사사미카츠,메뉴카테고리없음,13000원
1559037357,에비카츠,메뉴카테고리없음,13000원
1559037357,모듬카츠,메뉴카테고리없음,15000원
2097209094,신메뉴 명란네기도로초밥,대표,1990원
2097209094,신메뉴 시메사바불초밥,대표,1990원
2097209094,신메뉴 가지튀김초밥,대표,1990원
2097209094,신메뉴 연어유자트러플초밥,대표,1990원
2097209094,신메뉴 와규스테이크불초밥,대표,1990원
2097209094,신메뉴 와규트러플바질타다끼초밥,대표,1990원
2097209094,신메뉴 바게뜨장어초밥,대표,1990원
2097209094,신메뉴 바게뜨마늘가리비초밥,대표,1990원
2097209094,신메뉴 생새우고추마요초밥,대표,1990원
2097209094,신메뉴 생새우갈릭페니초밥,대표,1990원
2097209094,신메뉴 한치트러플페니초밥,대표,1990원
2097209094,신메뉴 황새치묵은지갈릭초밥,대표,1990원
2097209094,맛동산 샘 추천 육회타다끼초밥,메뉴카테고리없음,1990원
2097209094,강대표님 추천 활어묵은지초밥,메뉴카테고리없음,1990원
2097209094,양념새우초밥,메뉴카테고리없음,1990원
1439019759,커스텀 샐러드,대표,2900원
1439019759,양송이 스프,메뉴카테고리없음,3900원
1439019759,단호박 스프,메뉴카테고리없음,3900원
1439019759,파스타 샐러드,메뉴카테고리없음,8400원
1439019759,들기름 메밀면 샐러드,메뉴카테고리없음,8400원
1439019759,구운 닭가슴살 샐러드,메뉴카테고리없음,8900원
1439019759,수비드 닭가슴살 샐러드,메뉴카테고리없음,8900원
1439019759,버섯과 가지 구이 샐러드,메뉴카테고리없음,8900원
1439019759,목살 샐러드,메뉴카테고리없음,9400원
1439019759,매콤 새우 샐러드,메뉴카테고리없음,10400원
1439019759,갈릭 새우 샐러드,메뉴카테고리없음,10400원
1439019759,부채살 샐러드,메뉴카테고리없음,10900원
1439019759,생연어 샐러드,메뉴카테고리없음,11300원
1531723988,아귀찜 뼈,대표,47000~72000원
1531723988,순살아귀찜,대표,50000~75000원
1531723988,아귀대창볶음,메뉴카테고리없음,15000원
1531723988,아귀탕수육,메뉴카테고리없음,14000원
1531723988,새우튀김,메뉴카테고리없음,14000원
1531723988,치즈돈까스,메뉴카테고리없음,10000원
1531723988,돌판낚지볶음,메뉴카테고리없음,14000~16000원
1106670769,호은농장 듀록 카타로스 카츠,메뉴카테고리없음,22000원
1106670769,남영 버크셔 상로스카츠,메뉴카테고리없음,19000원
1106670769,남영 버크셔 로스카츠,메뉴카테고리없음,16000원
1106670769,호은농장 듀록 히레카츠,메뉴카테고리없음,16000원
1106670769,호은농장 듀록 상로스 카츠,메뉴카테고리없음,18000원
1106670769,호은농장 듀록 로스카츠,메뉴카테고리없음,15000원
1106670769,YBD 로스카츠,메뉴카테고리없음,14000원
1106670769,YBD 상로스카츠,메뉴카테고리없음,17000원
1106670769,선별육 히레카츠,메뉴카테고리없음,16000원
1106670769,난축맛돈 리브로스카츠,메뉴카테고리없음,17000원
1106670769,난축맛돈 상리브로스카츠,메뉴카테고리없음,20000원
1106670769,난축맛돈 카타로스카츠,메뉴카테고리없음,25000원
1106670769,톤믹스카츠,메뉴카테고리없음,19000원
1106670769,카츠산도 정식,메뉴카테고리없음,15000원
1106670769,모찌카츠,메뉴카테고리없음,5000원
1414005185,하나야마 냉우동,대표,16000원
1414005185,숯불 규카츠,대표,18500원
1414005185,숯불모듬카츠,대표,17000원
1414005185,정동 치즈카츠,대표,14500원
1414005185,뜨끈꼬꼬우동,메뉴카테고리없음,12000원
1414005185,백미 냉우동,메뉴카테고리없음,15000원
1414005185,정동 마제소바,메뉴카테고리없음,13000원
1414005185,정동 마제덮밥,메뉴카테고리없음,13000원
1414005185,숯불특로스카츠,메뉴카테고리없음,15000원
1414005185,숯불 로스카츠,메뉴카테고리없음,13000원
1414005185,숯불히레카츠,메뉴카테고리없음,14000원
1414005185,정동 치즈카츠 고구마무스 추가,메뉴카테고리없음,15500원
1414005185,정동 경양식 순한맛 매운맛,메뉴카테고리없음,12900원
1414005185,정동 경양식 고구마무스 추가,메뉴카테고리없음,13900원
1414005185,카레 경양식 순한맛 매운맛,메뉴카테고리없음,12900원
1034080506,앵그리버드 치킨,대표,22000원
1034080506,크리스피 텐더와 새우,메뉴카테고리없음,20000원
1034080506,버팔로 윙과 감자,메뉴카테고리없음,20000원
1034080506,소시지와 친구들,메뉴카테고리없음,17000원
1034080506,생활 떡볶이,메뉴카테고리없음,19000원
1034080506,생활 부대 떡볶이,메뉴카테고리없음,20000원
1034080506,중화 치킨 샐러드,메뉴카테고리없음,18000원
1034080506,그린라이트 샐러드,메뉴카테고리없음,18000원
1034080506,골빔면,메뉴카테고리없음,12000원
1034080506,김꽃동,메뉴카테고리없음,19000원
1034080506,고급찐어묵탕,메뉴카테고리없음,17000원
1034080506,스팸튀김,메뉴카테고리없음,12000원
1034080506,촉촉오징어,메뉴카테고리없음,15000원
1034080506,바삭 황태 구이,메뉴카테고리없음,18000원
1034080506,직화 육포와 땅콩,메뉴카테고리없음,17000원
2045705129,프랭크커피 Only Ice,대표,6000원
2045705129,레스큐어 버터 소금빵,대표,3000원
2045705129,에그타르트,대표,2800원
2045705129,잠봉 루꼴라 소금빵,대표,4800원
2045705129,순우유 크림 소금빵,대표,3800원
1710381899,텐동,메뉴카테고리없음,13000원
1710381899,에비텐동,메뉴카테고리없음,15500원
1710381899,가츠동,메뉴카테고리없음,14000원
1710381899,스테이크동,메뉴카테고리없음,19500원
1710381899,호르몬동,메뉴카테고리없음,17000원
1710381899,이베리코동,메뉴카테고리없음,17000원
1710381899,오야꼬동,메뉴카테고리없음,13000원
1710381899,덮밥,메뉴카테고리없음,17500원
1710381899,연어새우장,메뉴카테고리없음,16500원
1710381899,사케동,메뉴카테고리없음,15000원
1710381899,사케뱃살동,메뉴카테고리없음,16000원
1710381899,연어장,메뉴카테고리없음,16000원
1710381899,생연어초밥10p,메뉴카테고리없음,16500원
1710381899,아부리반반초밥,메뉴카테고리없음,17000원
1710381899,전복장소바,메뉴카테고리없음,14000원
1465327582,누보닭갈비 1인분,메뉴카테고리없음,11000원
1465327582,고르곤졸라피자,메뉴카테고리없음,9000원
1465327582,수제돈카츠 어린이 메뉴,메뉴카테고리없음,8500원
2064592564,산오징어회와 김 장아찌,대표,변동
2064592564,알배기 암꽃게회,대표,변동
2064592564,진동 참미더덕회,대표,36000원
2064592564,알배기 암꽃게 백숙,대표,변동
2064592564,마장동 소고기 버섯전골,대표,29000원
2064592564,돼지 꼬랑지구이,대표,24000원
2064592564,낙지 연포탕,메뉴카테고리없음,38000원
2064592564,차돌 오드래기 쯔란볶음,메뉴카테고리없음,27000원
2064592564,동해 백골뱅이 지리탕,메뉴카테고리없음,34000원
2064592564,울진 귀오징어통찜,메뉴카테고리없음,28000원
2064592564,낙지 탕탕이와 구운 김 2마리,메뉴카테고리없음,34000원
2064592564,생골뱅이 미나리 초무침,메뉴카테고리없음,28000원
2064592564,초코 오징어 냄비통찜,메뉴카테고리없음,26000원
2064592564,크림옹심이,메뉴카테고리없음,19000원
2064592564,통낙지 숙회,메뉴카테고리없음,17000원
1496680906,대용량 빅 사이즈 아메리카노 650ml Big벤티 ICE,대표,3400원
1496680906,대용량 빅 사이즈 아메리카노 HOT 그란데 2샷,대표,3400원
1496680906,커스터드 크로칸슈,대표,5400원
1496680906,더바삭 소금빵,대표,4300원
1496680906,진짜 맛있는 찹쌀 핫도그 베스트,대표,4300원
2014405010,풀드포크 베네딕트,대표,16000원
2014405010,크리미 머쉬룸 온 토스트,대표,16000원
2014405010,아보카도 온 토스트,대표,14000원
2014405010,머쉬룸 토스티,대표,12000원
2014405010,햄치즈 토스티,대표,11000원
2014405010,오지크림,대표,6500원
2014405010,홈메이드 홀 사워도우 850g,메뉴카테고리없음,9500원
2014405010,아메리카노,메뉴카테고리없음,5500원
2014405010,롱블랙,메뉴카테고리없음,5500원
2014405010,플랫화이트,메뉴카테고리없음,6000원
2014405010,라떼,메뉴카테고리없음,6000원
2014405010,카푸치노,메뉴카테고리없음,6000원
2014405010,매직,메뉴카테고리없음,5500원
2014405010,피콜로,메뉴카테고리없음,4500원
2096717957,동죽칼국수 기본서비스,대표,무료
2096717957,쭈꾸미 매콤비빔칼국수 4000원,대표,4000원
2096717957,오두막창 2~3인 한 판,메뉴카테고리없음,43000원
2096717957,오두막창 3~4인 한 판,메뉴카테고리없음,58000원
2096717957,갈껍세트 2~3인 한 판,메뉴카테고리없음,45000원
2096717957,갈막세트 2~3인 한 판,메뉴카테고리없음,48000원
2096717957,매콤무뼈닭발,메뉴카테고리없음,16000원
2096717957,한뚝배기 막창전골,메뉴카테고리없음,9900원
2096717957,오두막 막창볶음밥,메뉴카테고리없음,7000원
2096717957,차돌청국장찌개,메뉴카테고리없음,6000원
2096717957,폭탄치즈계란찜,메뉴카테고리없음,5000원
2096717957,초당옥수수 막걸리 한 잔,메뉴카테고리없음,1500원
2096717957,감귤하이볼,메뉴카테고리없음,7000원
2096717957,복분자하이볼,메뉴카테고리없음,7000원
2089920251,세모한상,대표,39000원
2089920251,명란감자전,메뉴카테고리없음,20000원
2089920251,특 차돌스지버섯전골,메뉴카테고리없음,28000원
2089920251,갑오징어튀김,메뉴카테고리없음,13000원
2089920251,아롱사태 수육무침,메뉴카테고리없음,24000원
2089920251,스지오뎅모리,메뉴카테고리없음,24000원
2089920251,바질크림수제비,메뉴카테고리없음,14000원
2089920251,치킨난반,메뉴카테고리없음,16000원
2089920251,크림새우,메뉴카테고리없음,19000원
2089920251,마라닭발샹궈,메뉴카테고리없음,16000원
2089920251,갑오징어버터구이,메뉴카테고리없음,19000원
2089920251,양고기튀김,메뉴카테고리없음,14000원
2089920251,싱가폴식 홍콩토스트,메뉴카테고리없음,9000원
2089920251,생자몽사와,메뉴카테고리없음,8500원
2089920251,통레몬 사와,메뉴카테고리없음,7500원
1053590271,치마살,대표,17000원
1053590271,꼬들살,대표,16000원
1053590271,갈매기,대표,16000원
1053590271,주먹구이 목살,대표,16000원
1053590271,미박삼겹 오겹,대표,16000원
1053590271,껍데기,대표,10000원
1053590271,돼지한마리600g,대표,64000원
1053590271,돼지반마리400g,대표,43000원
1053590271,돼지반마리 한우속풀이내장탕 죽서비스,대표,53000원
1053590271,돼지반마리 청국장 깍뚝비빔밥,대표,51000원
1053590271,돼지한마리 한우속풀이내장탕 죽서비스,대표,74000원
1053590271,돼지한마리 청국장 깍뚝비빔밥,대표,72000원
1053590271,한우속풀이내장탕 죽서비스,대표,11000원
1053590271,청국장 깍뚝비빔밥,대표,9000원
1053590271,메밀막국수,대표,8000원
1146796327,차돌박이,대표,18000원
1146796327,우대 갈비 280g,대표,29000원
1146796327,항아리 바베큐 통삼겹 180g,대표,15000원
1146796327,갈목탕,메뉴카테고리없음,12000원
1146796327,한우육개장,메뉴카테고리없음,10000원
1146796327,훈제 오리 한마리,메뉴카테고리없음,45000원
1146796327,생삼겹 150g,메뉴카테고리없음,13000원
1146796327,낙엽살 150g,메뉴카테고리없음,13000원
1146796327,숙.불 숙주 불고기 2인 이상,메뉴카테고리없음,10000원
1146796327,막국수 물비빔 떡갈비,메뉴카테고리없음,9000원
2066468826,옐로우팜 망고주스,대표,9900원
2066468826,파인애플 한통,대표,11900원
2066468826,생망고빙수,대표,17900원
2066468826,멜론빙수,메뉴카테고리없음,16900원
1270117665,한우사골육수 쌀국수 Pho 양지,대표,8900원
1270117665,베트남소고기쌀국수 사태,대표,9900원
1270117665,매운 쌀국수 PHO TAI,대표,11000원
1270117665,분짜사이공 BUN CHA,대표,9900원
1270117665,완전수제 포담 월남쌈 GOI CUON,대표,6900원
1270117665,포담 반세오 BANH XEO,대표,9900원
1270117665,완전 수제 포담 짜조 CHA GIO,대표,6900원
1952498498,바닐라 캐슈넛 휘낭시에,메뉴카테고리없음,3600원
1952498498,헤이즐넛 화이트 모카,메뉴카테고리없음,3700원
1952498498,플레인 휘낭시에,메뉴카테고리없음,2900원
1952498498,쏠트 캐러멜 휘낭시에,메뉴카테고리없음,3300원
1952498498,쏠트 초코 휘낭시에,메뉴카테고리없음,3300원
1952498498,말차 초코 휘낭시에,메뉴카테고리없음,3600원
1952498498,오레오 밀크칩 휘낭시에,메뉴카테고리없음,3600원
1952498498,카치오 에 페페 휘낭시에,메뉴카테고리없음,3600원
1952498498,코코넛 커피 휘낭시에,메뉴카테고리없음,3600원
1952498498,휘낭시에와 아이들 박스 포장 4구,메뉴카테고리없음,변동
1952498498,휘낭시에와 아이들 박스 포장 8구,메뉴카테고리없음,변동
1952498498,휘낭시에와 아이들 박스 포장 12구,메뉴카테고리없음,변동
1952498498,브루잉 커피 hot ice,메뉴카테고리없음,5000원
1952498498,카페 오레 hot ice,메뉴카테고리없음,5000원
1952498498,플랫 크림 커피 hot ice,메뉴카테고리없음,5500원
1990743046,콘프리터,대표,14800원
1990743046,웜 샐러드,대표,10800원
1990743046,파블로바 팬케이크,대표,15500원
1990743046,브렉퍼스트 플레이트,메뉴카테고리없음,16000원
1990743046,더블 치즈 버거 칩스,메뉴카테고리없음,17000원
1990743046,칠리 머슬,메뉴카테고리없음,15000원
1990743046,스매쉬드 아보 피스,메뉴카테고리없음,14500원
1990743046,동남아식 새우 치킨 볶음밥,메뉴카테고리없음,15800원
1990743046,치킨 시저 샌드위치,메뉴카테고리없음,13000원
1990743046,에그베네딕트,메뉴카테고리없음,15000원
1990743046,포르치니 크림 파스타,메뉴카테고리없음,15500원
1990743046,감자튀김과 수제 아이올리,메뉴카테고리없음,7500원
1990743046,dukescoffee 커피,메뉴카테고리없음,변동
1990743046,T2 TEA BAG 차,메뉴카테고리없음,5000원
1990743046,분다버그 핑그자몽 레몬에이드,메뉴카테고리없음,5000원
2068753793,도화,대표,15000원
2068753793,꽃잠,대표,14000원
2068753793,별이지는 밤,대표,14000원
2068753793,달빛작약,대표,13000원
2068753793,말리부 오렌지,대표,12000원
2068753793,블랙러시안,대표,12000원
2068753793,깔루아 밀크,메뉴카테고리없음,12000원
2068753793,피치크러쉬,메뉴카테고리없음,13000원
2068753793,준벅,메뉴카테고리없음,13000원
2068753793,파우스트,메뉴카테고리없음,14000원
2068753793,롱티,메뉴카테고리없음,14000원
2068753793,코스모폴리탄,메뉴카테고리없음,14000원
2068753793,카타르시스,메뉴카테고리없음,13000원
2068753793,잭콕,메뉴카테고리없음,12000원
2068753793,피치 하이볼,메뉴카테고리없음,11000원
1479244783,뼈대삼겹 230g,대표,18000원
1479244783,숙성목살 180g,대표,16000원
1479244783,저온숙성삼겹 180g,메뉴카테고리없음,16000원
1479244783,이베리코 항정살 160g,메뉴카테고리없음,15000원
1479244783,꼬들살 180g,메뉴카테고리없음,17000원
1479244783,몽유도 2인 세트,메뉴카테고리없음,43000원
1479244783,몽유도 3 4인 세트,메뉴카테고리없음,68000원
1479244783,특목살 김치찌개,메뉴카테고리없음,7000원
1479244783,된장술밥,메뉴카테고리없음,7000원
1479244783,물냉면 비빔냉면,메뉴카테고리없음,6000원
1479244783,솥판볶음밥 2인이상,메뉴카테고리없음,3000원
1479244783,계란찜,메뉴카테고리없음,3000원
1479244783,누룽지,메뉴카테고리없음,2000원
1228549320,NEW ! 네슈빌 핫모짜 치즈스틱,대표,5900원
1228549320,NEW! 치미창가,대표,14000원
1228549320,NEW ! 부리또 2 type,대표,7500원
1228549320,SET A,대표,39000원
1228549320,SET B,대표,42000원
1228549320,FRESH SET,대표,31000원
1228549320,1 QUESADILLA SET,대표,11000원
1228549320,1 TACO SET,대표,11000원
1228549320,1 BIRIA SET,대표,11000원
1228549320,깁미파히타,대표,23000원
1228549320,프레쉬 바베큐 보울,대표,12000원
1228549320,멕룽지,메뉴카테고리없음,5900원
1228549320,치폴레 퀘사디아 1Pcs,메뉴카테고리없음,7000원
1228549320,비프앤치즈 퀘사디아 1Pcs,메뉴카테고리없음,7500원
1228549320,비리아 타코,메뉴카테고리없음,5900원
1253081680,토리파이탄라멘,메뉴카테고리없음,10000원
1253081680,카라토리파이탄라멘 매운맛,메뉴카테고리없음,11000원
1253081680,이에케라멘 이벤트메뉴,메뉴카테고리없음,11000원
1253081680,백합시오청탕,메뉴카테고리없음,11000원
1253081680,평양 냉면,메뉴카테고리없음,12000원
1253081680,츠케멘,메뉴카테고리없음,11000원
1253081680,카라츠케멘 매운맛,메뉴카테고리없음,12000원
1253081680,아부라소바 비빔라멘,메뉴카테고리없음,11000원
1253081680,마제소바 비빔라멘,메뉴카테고리없음,11000원
1253081680,고기밥,메뉴카테고리없음,1500원
1253081680,미니규동,메뉴카테고리없음,3500원
1253081680,치킨난반,메뉴카테고리없음,3500원
1253081680,카다이프 새우,메뉴카테고리없음,2500원
452736623,바질크림뇨끼,메뉴카테고리없음,19000원
452736623,감베로 알리오 올리오,메뉴카테고리없음,16000원
452736623,명란오일파스타,메뉴카테고리없음,17000원
452736623,이베리코오일파스타,메뉴카테고리없음,18000원
452736623,통삼겹 까르보나라,메뉴카테고리없음,16000원
452736623,해물크림파스타,메뉴카테고리없음,17000원
452736623,쉬림프로제파스타,메뉴카테고리없음,16000원
452736623,청양바질마레파스타,메뉴카테고리없음,18000원
452736623,투움바파스타,메뉴카테고리없음,17000원
452736623,빠네크림파스타,메뉴카테고리없음,17000원
452736623,명란크림파스타,메뉴카테고리없음,18000원
452736623,초리조 아라비아따,메뉴카테고리없음,16000원
452736623,볼로네제 파스타,메뉴카테고리없음,16000원
452736623,해물토마토파스타,메뉴카테고리없음,17000원
452736623,부라타 포모도르,메뉴카테고리없음,18000원
1893325633,육전,대표,25000원
1893325633,반반전 김치 부추,대표,19000원
1893325633,골뱅이무침 쫄면,대표,23000원
1893325633,만두전골 칼국수,대표,25000원
1893325633,해물파전,메뉴카테고리없음,23000원
1893325633,김치전,메뉴카테고리없음,17000원
1893325633,부추전,메뉴카테고리없음,17000원
1893325633,쑥갓전,메뉴카테고리없음,17000원
1893325633,땡초바지락전,메뉴카테고리없음,17000원
1893325633,두부김치,메뉴카테고리없음,19000원
1893325633,제육볶음 미니주먹밥,메뉴카테고리없음,23000원
1893325633,쭈꾸미볶음 소면,메뉴카테고리없음,23000원
1893325633,오뎅탕,메뉴카테고리없음,19000원
1893325633,순두부찌개,메뉴카테고리없음,23000원
1893325633,된장짜글이 밥,메뉴카테고리없음,23000원
1816492689,숯불함박 2피스,메뉴카테고리없음,13000원
1816492689,슻불함박 3피스,메뉴카테고리없음,16000원
1816492689,숯불함박 1피스 카레 크림,메뉴카테고리없음,13000원
1816492689,숯불함박 2피스 카레 크림,메뉴카테고리없음,16500원
1816492689,숯불함박 3피스 카레 크림,메뉴카테고리없음,20000원
1816492689,어린이함박,메뉴카테고리없음,8000원
1998373722,오너쉐프가 정직하게,대표,변동
1998373722,커리 나스 덴카쿠 전주에서가장잘함,대표,18000원
1998373722,김부각과 한우육회 한정,대표,26000원
1998373722,토닭스튜 토마토 닭스튜 한정,대표,22000원
1998373722,네기,대표,11000원
1998373722,항정살구이,대표,22000원
1998373722,라즈지 매운닭날개튀김,대표,21000원
1998373722,베이컨 갓김치 파스타,대표,15000원
1998373722,남해 알리오올리오,대표,12000원
1998373722,카니미소 파스타 대게홍게를이용한,대표,17000원
1998373722,새우청양 크림 파스타,대표,15000원
1998373722,찹 스테이크,대표,26000원
1998373722,뉴욕크림치즈 토마토,대표,11000원
1998373722,트러플득셸리조또,대표,17000원
1998373722,도리타코 나초를이용한 타코,메뉴카테고리없음,14000원
