업체코드,메뉴명,메뉴카테고리,메뉴설명,메뉴가격
1647184627,🎁육즙군만두 무료_N예약 이벤트,대표,네이버예약하고서비스받자!육즙가득한군만두가100%공짜✨,무료
1647184627,수제딤섬🎉신메뉴 이벤트,대표,정성으로빚은수제딤섬4+1🎉신메뉴이벤트🥟한입에깊이를느끼는딤섬의정수,10000원
1647184627,아서원 원조짜장면,대표,고소하고단백한옛날짜장의풍미가득한아서원짜장면.강추👍,7000원
1647184627,해물 볶음짜장 (2인이상),대표,신선한해산물과야채가듬뿍뜨거운웍에즉석에서정성껏볶아진아서원해물볶음(쟁반)짜장!!,14000원
1647184627,통영굴짬뽕☃️겨울별미,대표,겨울철싱싱한굴로뜨끈한굴짬뽕.제철마다통영에서직송받아만든시원한인기최고굴짬뽕.,13000원
1647184627,통오징어짬뽕,대표,뜨끈한짬뽕에각종해산물과통오징가통째로들어간깊은육수맛이듬뿍담긴매콤한짬뽕,15000원
1647184627,새우볶음밥,대표,웍에서볶아낸중식새우복음밥짜장소스랑드시면든든합니다.~,11000원
1647184627,가지덮밥,대표,영양만점가지요리.중식소스로튀겨볶아내어소스로슥슥~입맛돋는가지덮밥~,13000원
1647184627,"""흑백요리사"" 마라크림새우딤섬",대표,"이번흑백요리사에서가장핫헸던메뉴""마라크림새우딤섬""마라와크림소스에바삭튀겨낸새우딤섬",15000원
1647184627,대나무버섯새우스프 (2인이상주문),대표,담양대나무에담백한육수로새우살과버섯류와청경채듬뿍담긴슾.따뜻한한그릇에온몸이따뜻!,10000원
1647184627,북경 탕수육(2-3인분) 소,대표,1등별미인기메뉴북경탕수육!육즙가득한등심살코기에바삭한튀김+달콤새콤한소스가깔끔.,25000원
1647184627,크림새우 / 칠리새우 / 깐풍새우,대표,중식의5대인기요리새우요리.아서원의특제소스로만들어낸깜풍칠리크림소스새우요리,28000원
1647184627,동파육,대표,이번흑백요리사강추메뉴동파육.중식특유의조리법의돈육의담백한육즙과소스와아삭한청경채.,38000원
1647184627,부추(호부추)잡채☃️겨울별미,대표,부추에들어있는B1비타민함량이가장많은겨울철호부추와꽃빵(한정판)꼭드셔야겠죠?!,40000원
1647184627,아서원 매코스,대표,단호박스프+새우바게트+류산슬+칠리새우+닭고기양상추쌈+식사+후식,33000원
2099020069,통영굴짬뽕(겨울-계절한정메뉴),대표,제철통영굴로만든굴짬뽕시원하고뜨끈한국물이매력적입니다.겨울철인기최고입니다.,14000원
2099020069,🎁육즙군만두_N예약 이벤트,메뉴카테고리없음,네이버예약하고방문하시면육즙군만두(10000원)무료서비스!!,무료
2099020069,아서원차돌짬뽕,메뉴카테고리없음,우리몸에좋은미나리와차돌이듬뿍올려진짬뽕.차돌로미나리를돌돌말아드시는짬뽕.강추,13000원
2099020069,전주물짜장 (원조),메뉴카테고리없음,전주물짜장드셔보셨나요?술술~먹기좋은물짜장.각종해산물과매콤한원조물짜장스타일~강추,12000원
2099020069,100년 전통 아서원 짜장면,메뉴카테고리없음,고소하고담백한옛날짜장의풍미.어릴적추억이솔솔100년전통원조짜장면,9000원
2099020069,더울 땐 시원한 중국식 냉면,메뉴카테고리없음,해물+냉육수=냉면계의신흥강자!!중화면으로만나는새로운냉면,14000원
2099020069,아서원짬뽕,메뉴카테고리없음,사골육수+해산물+야채의깊은맛시원하고개운하고깊은국물!!,12000원
2099020069,통오징어 짬뽕,메뉴카테고리없음,통오징어가한마리통채로올라갔습니다.깊고진한육수에통오징어까지더했습니다.,15000원
2099020069,북경탕수육 소 (2~3인분),메뉴카테고리없음,바삭한튀김옷입은등심탕수육.달콤새콤한소스와바람났어요,27000원
2099020069,해물 볶음짜장 (2인이상),메뉴카테고리없음,해산물과야채가뜨거운웍과만났다.현란하게볶아낸해물볶음(쟁반)짜장!!,17000원
2099020069,안 맵다 하얀백짬뽕,메뉴카테고리없음,잘우려낸육수+야채+해산물맑은국물로개운함이최고!!안매운하얀백짬뽕,13000원
2099020069,새우볶음밥,메뉴카테고리없음,뜨거운웍에서볶아낸새우볶음밥.짜장소스와만나면감칠맛폭발!!,12000원
2099020069,연두부덮밥,메뉴카테고리없음,부드러운두부+고기듬뿍+사천소스.매콤하게볶아낸중식5대덮밥,13000원
2099020069,(가성비) 평일 런치A코스,메뉴카테고리없음,(새우멘보샤+유린기+짜장or짬뽕)평일11시부터13시30분까지2인이상주문가능,22000원
2099020069,(가성비) 평일 런치B세트,메뉴카테고리없음,(새우멘보샤+탕수육+짜장or탕수육)평일11시부터13시30분까지2인이상주문가능,22000원
1340584191,오마카세 5종 야키토리,대표,최고급숯비장탄으로구운국내산계육꼬치구이,14000원
1340584191,양지순두부짬뽕,대표,불향가득매콤한짬뽕에부드러운순두부와양지장조림이들어가맛을살린파쿠야식짬뽕,24000원
1340584191,매콤닭가루비,대표,매콤한닭갈비를밥과함깨즐길수있는메뉴,21000원
1340584191,돈코츠 오뎅나베,메뉴카테고리없음,장시간우려낸돼지뼈육수와일본수제오뎅,22000원
1340584191,매생이 닭 백숙,메뉴카테고리없음,직접장시간우려낸닭육수에부드러운매생이로맛을더해파쿠야만의닭백숙,26000원
1340584191,바질술찜,메뉴카테고리없음,중독성이강한바질페스토를첨가한제철조개를사용한술찜,23000원
1340584191,육회,메뉴카테고리없음,국내산소고기육회와진한와사비크림소스를곁들인파쿠야육회,25000원
1340584191,비프카레스튜,메뉴카테고리없음,토마토소스를베이스로하여여러향신료가들어간카레에부드러운양지장조림이들어간카레스튜,19000원
1340584191,치킨난바,메뉴카테고리없음,수제간장소스로숙성시켜튀겨낸치킨과수제타르소스,21000원
1340584191,양송이새우아히죠,메뉴카테고리없음,마늘향이가득한파쿠야식감바스,20000원
1340584191,매콤크림파스타,메뉴카테고리없음,수제크림소스에매콤한파프리카를곁들인크림파스타,18500원
1340584191,나폴리탄파스타,메뉴카테고리없음,수제토마토소스에소세지와풍미가득한파마산치즈를더한일본가정식파스타,18500원
1340584191,명란알리오올리오,메뉴카테고리없음,마늘향가득한알리오올리오에명란의감칠맛을더한오일파스타,18500원
1340584191,SIDE) 신라면리조또,메뉴카테고리없음,신라면과수제크림소스로조리한리조또,9500원
1340584191,버터장조림솥밥,메뉴카테고리없음,장조림과각종야체가들어간솥밥,11000원
1163302976,계도리탕,대표,반마리25000/한마리30000콩나물을듬뿍올려시원맵칼한닭매운탕st닭도리탕,30000원
1163302976,묵은지참치말이,대표,닭도리탕과찰떡무조건필수주문,8000원
1163302976,대홍단주먹밥,대표,동글동글왕주먹밥대홍단주먹밥냐하~,8000원
1163302976,닭두루치기,대표,순살닭을매콤한양념과고소한들기름에볶아낸메뉴1인12000원2인이상주문가능,12000원
1163302976,닭대창볶음,대표,한우대창과닭다리살을수제양념과함께직화로볶아낸닭볶음,30000원
1163302976,고민상담 T/F,대표,고민상담해드립니다.T적성향F적성향선택해주세요.상담은21시이후가능합니다:),무료
1163302976,대도리탕,메뉴카테고리없음,반마리30000/한마리35000향긋한깻순과한우대창이들어간녹진한대창곱도리탕,35000원
1163302976,계란말이,메뉴카테고리없음,할매가도톰하고투박하게말아주던그계란말이,6000원
1163302976,계도리막걸리,메뉴카테고리없음,계도리에서직접만든혼합막걸리,4500원
1598840565,요거토마 대설(양 많은 2인분),대표,세계유일대설시그니처메뉴입니다:)상큼한요거트와신선하고달달한토마토의만남.시원하고맛이깔끔하니해장하는기분이랍니다~:),13000원
1598840565,요거토마 대설(1인분),대표,세계유일대설시그니처메뉴입니다:)상큼한요거트와신선하고달달한토마토의만남.시원하고맛이깔끔하니해장하는기분이랍니다~:),8800원
1598840565,크림치즈 오레오 대설(양 많은 2인분),대표,부드럽고고소하면서깊은풍미를지닌크림치즈와초코계의진리오레오가만나환상적이고기가막히는조합을이루고있는빙수:)지금만나보세요~~,15900원
1598840565,돼지바 대설(양 많은 2인분),대표,추억의돼지바남녀노소불문하고모두가좋아하는그맛.돼지바의모든것을끌어모아아이스크림보다도더맛있게탄생되었습니다:),14000원
1598840565,돼지바 대설(1인분),대표,추억의돼지바남녀노소불문하고모두가좋아하는그맛.돼지바의모든것을끌어모아아이스크림보다도더맛있게탄생되었습니다:),8900원
2088731895,찐~한 우사골의 깊은맛 '설렁탕',대표,공기밥+깍두기+겉절이+국수사리1묶음,12000원
2088731895,부드러운 양지고기의 참맛 '특설렁탕',대표,공기밥+깍두기+겉절이+국수사리1묶음+겨자소스,15000원
2088731895,매콤 칼칼 해장엔 '얼큰설렁탕',대표,공기밥+깍두기+겉절이+국수사리1묶음,13000원
2088731895,몸보신에 제격 일품 '갈비탕',대표,공기밥+깍두기+겉절이+국수사리1묶음+겨자소스,20000원
2088731895,쫀득함 최상위 고급진맛 '도가니탕',대표,공기밥+깍두기+겉절이+국수사리1묶음+초장,22000원
2088731895,기력회복 영양만점 '꼬리곰탕',대표,공기밥+깍두기+겉절이+국수사리1묶음+겨자소스,25000원
2088731895,풍부한 육즙 가득 '한우소불고기',대표,깍두기1+겉절이1,24000원
2088731895,수육 (기본 사골육수 제공),대표,깍두기2+겉절이2+사골육수1+겨자소스+초장,62000원
2088731895,소갈비찜 (기본 사골육수 제공),대표,깍두기2+겉절이2+사골육수1,62000원
2064186940,브루잉 커피 (hot / ice),메뉴카테고리없음,서로각자가좋아하는다양한커피,5000원
2064186940,카페오레 (hot / ice),메뉴카테고리없음,진하게내린커피와우유담백한조화,5000원
2064186940,플랫 크림 커피 (hot / ice),메뉴카테고리없음,바디감좋은커피와시그니처크림,5500원
2064186940,브라운 크림 커피 (hot /ice),메뉴카테고리없음,단맛의숙성우유와커피그리고크림,6000원
2064186940,말차 (hot / ice),메뉴카테고리없음,녹진한말차와숙성우유그리고크림,6500원
2064186940,봄 (hot / ice),메뉴카테고리없음,화사한얼그레이와두가지라임의조화,6500원
2064186940,가을 (hot / ice),메뉴카테고리없음,따뜻하게우려낸담백한호지에유자청,6500원
2064186940,플레인 휘낭시에,메뉴카테고리없음,가장기본에충실한휘낭시에,2900원
2064186940,쏠트 캐러멜 휘낭시에,메뉴카테고리없음,플레인휘낭시에+캐러멜소스,3300원
2064186940,말차 초코 휘낭시에,메뉴카테고리없음,말차휘낭시에+초코스틱,3600원
2064186940,오레오 밀크칩 휘낭시에,메뉴카테고리없음,오레오휘낭시에+마쉬멜로우+연유소스,3600원
2064186940,코코넛 커피 휘낭시에,메뉴카테고리없음,커피휘낭시에+코코넛+버터소스,3600원
2064186940,트리플 쇼콜라 휘낭시에,메뉴카테고리없음,초코휘낭시에+발로나초코스틱,3600원
1379201438,김치돈까스나베,대표,깔끔하고시원한국물에돈까스한장그대로올렸습니다!!!!,11900원
1379201438,차슈덮밥,대표,메뉴설명없음,12500원
1379201438,육회덮밥,대표,신선한육회가밥위에올라가면입안에서펼쳐지는고소하고상큼한맛의축제!,10900원
1379201438,만배라멘,대표,돈코츠소스돈사골베이스를사용한깊고구수한국물에두툼한차슈까지~~!!,9500원
1379201438,매운만배라멘,대표,돈코츠라멘에고춧가루로매콤한맛을더한깊고구수한매콤한라멘,9900원
1379201438,스테이크덮밥,대표,부드러운스테이크가밥위에올라가입안에서폭발하는맛의향연!,12500원
1379201438,새우튀김 냉소바,메뉴카테고리없음,메뉴설명없음,8900원
1379201438,초계냉면,메뉴카테고리없음,메뉴설명없음,8900원
1379201438,김치대패덮밥,메뉴카테고리없음,김치와삼겹살의화려한만남!!매콤한김치와고소한삼겹살이만나밥위에앉았어요!,9900원
1379201438,간장대패덮밥,메뉴카테고리없음,대패삼겹살을비법소스에볶았다!!밥위에올리면입안에서펼쳐지는소소한행복!,9900원
1379201438,(신메뉴)돈까스 카레덮밥,메뉴카테고리없음,(신메뉴!!!)카레에돈까스한장이통으로올라간든든한덮밥,10500원
1379201438,(신메뉴)가라아게카레덮밥,메뉴카테고리없음,(신메뉴!!)카레에겉바속촉가라아게가올라간덮밥,9900원
1379201438,돈까스덮밥,메뉴카테고리없음,메뉴설명없음,9500원
1379201438,치킨마요덮밥,메뉴카테고리없음,메뉴설명없음,9500원
1379201438,제육덮밥,메뉴카테고리없음,메뉴설명없음,9500원
1742540837,한돈암퇘지삼겹살 150g,대표,100g기준6666원,11000원
1742540837,한돈암퇘지목살 150g,대표,100g기준6666원,11000원
1742540837,한돈암퇘지 통가브리살 150g,대표,100g기준8000원,13000원
1742540837,한돈암퇘지 통항정살 150g,대표,100g기준9333원,16000원
1742540837,오일내한판세트[4인분],메뉴카테고리없음,삼겹+목살+가브리살+항정살+찌개류1택한판세트기준입니다,53900원
1742540837,오일내반판 세트[2인분],메뉴카테고리없음,삼겹+목살+찌개택1반판세트기준입니다.,39800원
1742540837,고기듬뿍 치즈볶음밥,메뉴카테고리없음,메뉴설명없음,7900원
1742540837,고기듬뿍 볶음밥 (2인분),메뉴카테고리없음,메뉴설명없음,6900원
1742540837,등심껍데기,메뉴카테고리없음,메뉴설명없음,5900원
1742540837,물냉면,메뉴카테고리없음,메뉴설명없음,5900원
1742540837,비빔냉면,메뉴카테고리없음,메뉴설명없음,5900원
1742540837,돼지고기 김치찌개,메뉴카테고리없음,메뉴설명없음,4900원
1742540837,꽃게 된장찌개,메뉴카테고리없음,메뉴설명없음,4900원
1742540837,해장라면,메뉴카테고리없음,계란이들어간해장라면입니다.얼큰한국물에속이쭉풀리는맛입니다,3900원
1742540837,치즈계란찜,메뉴카테고리없음,치즈가몽땅들어간치즈계란찜입니다.가격3900원,3900원
1219346271,고기듬뿍 국물두루치기,대표,고기듬뿍국물두루치기기본두루치기입니다!,14500원
1219346271,김치두루치기,대표,고객님들의최애픽!유튜브에서핫한그메뉴!김치두루치기입니다.,16500원
1219346271,마라두루치기,메뉴카테고리없음,마라와두루치기의만남마라를못드시는분들도맛있게드실수있는이색신메뉴마라두루치기.,16500원
1219346271,대파제윢볶음,메뉴카테고리없음,두루치기와용호상박불맛가득대파제육볶음입니다!,14500원
1219346271,김치제육볶음,메뉴카테고리없음,이거진짜맛있습니다!제육볶음과김치의만남제육볶음최강자입니다.,15500원
1219346271,마라제육볶음,메뉴카테고리없음,맛있는거+맛있는거=존맛마라제육볶음입니다,15500원
1219346271,매콤쭈꾸미,메뉴카테고리없음,최강의사이드매콤쭈꾸미입니다(두루치기에넣어서먹으면맛있는건비밀입니다...),16900원
1530011364,앙버터,대표,호두앙버터/앙버터/프레첼앙버터,6000원
1530011364,무화과 프로마쥬,대표,졸인무화과의오독함크림치즈와초코르방견과류의조화,3800원
1530011364,깜빠뉴,대표,무화과깜빠뉴초코르방버팔로크렌베리르방캐슈넛르방밤호박깜빠뉴,6800원
1530011364,카페라떼,메뉴카테고리없음,메뉴설명없음,3500원
1530011364,바닐라라떼,메뉴카테고리없음,메뉴설명없음,4000원
1530011364,헤이즐넛 라떼,메뉴카테고리없음,메뉴설명없음,4000원
1530011364,카라멜 라떼,메뉴카테고리없음,메뉴설명없음,4000원
1530011364,카페모카,메뉴카테고리없음,메뉴설명없음,4000원
1530011364,치즈브리오쉬,메뉴카테고리없음,버섯빵이라고불리우는쫄깃함가득!찹쌀반치즈빵반,8900원
1530011364,먹물빵,메뉴카테고리없음,메뉴설명없음,5800원
1530011364,갈릭노아,메뉴카테고리없음,전북대맘모스빵이라는양파크림빵,5800원
1530011364,카피콜라샌드위치,메뉴카테고리없음,카피콜라목살과특제와사비소스!버터토마토후추상추양상추루꼴라,7500원
1530011364,아메리카노,메뉴카테고리없음,메뉴설명없음,3000원
1496549723,Cozy Burger,대표,코지소스할라피뇨그릴드어니언치즈패티,7700원
1496549723,Double Burger,대표,코지소스.할라피뇨치즈x2패티x2그릴드어니언,10200원
1496549723,V.Deluxe Burger,대표,코지소스로메인토마토생적양파치즈소스패티머스타드,8400원
1496549723,B.L.T Burger,대표,코지소스양상추토마토베이컨패티,8200원
1534410624,커스텀 샐러드,대표,무농약스마트팜유럽상추로구성된야채+드레싱택1+토핑자유선택,2900원
1534410624,양송이 스프,메뉴카테고리없음,양송이버섯양파를볶고우유를더해부드럽게끓여낸홈메이드양송이스프(250g),3900원
1534410624,단호박 스프,메뉴카테고리없음,단호박을굽고우유와버터를더해부드럽게끓여낸홈메이드단호박스프(250g),3900원
1534410624,파스타 샐러드,메뉴카테고리없음,무농약잎채소+토핑6종+허브오일소스에버무린콜드파스타(150g),8400원
1534410624,들기름 메밀면 샐러드,메뉴카테고리없음,무농약잎채소+토핑6종+직접만든들기름소스에버무린메밀면(180g),8400원
1534410624,구운 닭가슴살 샐러드,메뉴카테고리없음,무농약잎채소+토핑6종+직접만든갈릭오일로염지하고구운닭가슴살(110g),8900원
1534410624,수비드 닭가슴살 샐러드,메뉴카테고리없음,무농약잎채소+토핑6종+저온조리해부드럽고촉촉한수비드닭가슴살(100g),8900원
1534410624,버섯과 가지 구이 샐러드,메뉴카테고리없음,무농약잎채소+토핑6종+느타리버섯과새송이버섯가지구이(120g),8900원
1534410624,목살 샐러드,메뉴카테고리없음,무농약잎채소+토핑6종+허브로염지하고구운목살(100g),9400원
1534410624,매콤 새우 샐러드,메뉴카테고리없음,무농약잎채소+토핑6종+불향가득구운새우(7미),10400원
1534410624,갈릭 새우 샐러드,메뉴카테고리없음,무농약잎채소+토핑6종+수제갈릭소스로구운새우(7미),10400원
1534410624,부채살 샐러드,메뉴카테고리없음,무농약잎채소+토핑6종+저온조리후구워부드러운부채살(100g),10900원
1534410624,생연어 샐러드,메뉴카테고리없음,무농약잎채소+토핑6종+직접손질하고숙성한노르웨이산연어(80g),11300원
1036508971,상하이 파스타,대표,메뉴설명없음,17000원
1036508971,알리오올리오,대표,얇게썬편마늘에고급올리브유가더해져알싸한풍미와감칠맛을살린오일파스타.,15000원
1036508971,스페셜티본스테이크세트(2인),대표,티본700g알리오올리오(변경가능)샐러드캔음료,99000원
1036508971,[런치C] 2~3인,대표,부채살cubed스테이크300g+알리오올리오(변경가능),42000원
1036508971,꽃등심스테이크,대표,새우살과등심의완벽한마블링고소한육향사르르녹는최고의부위입니다.,35000원
1036508971,살치살 스테이크,대표,메뉴설명없음,35000원
1036508971,[파티B] 토마호크1.2kg 세트,대표,3-4인파티세트.최고의풍미와육즙을가진토마호크스테이크,219000원
1036508971,사과고르곤졸라피자,대표,메뉴설명없음,19000원
1036508971,목살 플레이트 300g,메뉴카테고리없음,목살+샐러드+가니쉬,23000원
1036508971,새우베이컨크림파스타,메뉴카테고리없음,통통한새우와두툼한베이컨그리고크림과야채들로어우러진시그니쳐메뉴.,16000원
1036508971,[런치A] 1인 스테이크 정식,메뉴카테고리없음,부채살스테이크(170g)와다채로운가니쉬+볶음밥,19000원
1036508971,[런치B] 2인,메뉴카테고리없음,부채살cubed스테이크250g+알리오올리오(변경가능),37000원
1036508971,부채살 스테이크,메뉴카테고리없음,육질이연하고식감이쫄깃하며육즙또한풍부한부위입니다.,31000원
1036508971,안심 스테이크,메뉴카테고리없음,메뉴설명없음,38000원
1036508971,우대 꽃갈비 스테이크,메뉴카테고리없음,메뉴설명없음,45000원
1003090099,하우스캐러멜크림커피 14oz,대표,진하고고소한크림커피에수제카라멜소스가더해졌습니다(카라멜마끼아또와비슷하지만덜달아요),6300원
1003090099,아이스아메리카노 24oz,대표,에스프레소2샷이들어갑니다아이스:20온스,4300원
1003090099,블루베리요거트스무디,대표,시원하게상큼하게블루베리가득넣은요거트스무디,6500원
2065226658,🎁감자채전_N예약시,대표,네이버예약하시면감자채전100%무료🤩지금바로예약하세요!!,무료
2065226658,만만세트🔥HIT!,대표,HIT🔥만만의시그니쳐메인요리가다모였다!한번에3가지메뉴를드시고싶은분강추!,36000원
2065226658,묵은지 순살 닭볶음탕 🔥HIT!,대표,HIT🔥푹익은묵은지의감칠맛과수제장국물이일품인순살닭도리탕셀프주먹밥추가필수!,24000원
2065226658,밀푀유만두전골🔥HIT!,대표,HIT🔥어떻게하면손님분들께더맛있는요리를선보일까직원들끼리고민하다만든전골!,24000원
2065226658,파닭전🔥HIT!,메뉴카테고리없음,HIT🔥SNS에서핫한메뉴를직원들끼리머리맞대며재해석한파닭전!!,18000원
2065226658,삼겹 미나리전 [꼬소하고 향긋한🍀],메뉴카테고리없음,미나리를바삭하게구워그위에대패삼겹을올린미워할수없는완벽조합,18000원
2065226658,치즈감자채전✨NEW,메뉴카테고리없음,얇게채친감자를바싹익히고그위에모짜렐라치즈와페퍼로니를올린겉바속촉감자채전,18000원
2065226658,육회&감태 🔥HIT!,메뉴카테고리없음,🔥고추장베이스로버무려진육회를감태와참치마요주먹밥을함깨즐길수있는육회감태!,22000원
2065226658,들기름 막국수 [중독되는 맛🍜],메뉴카테고리없음,수제소스에고소한들기름을듬뿍더한한입마다풍미가득한만만의시그니처막국수!,16000원
2065226658,달껍질교자🔥HIT!,메뉴카테고리없음,HIT🔥닭껍질사이에육즙가득한교자가한가득!!,14000원
2065226658,약과빙수 [완벽한 디저트🍨],메뉴카테고리없음,만만의야심작!!시원한팥빙수에달달한바닐라아이스크림그리고쫀뜩한약과의만남!,16000원
2065226658,항정수육,메뉴카테고리없음,날마다직접삶아어디보다많은양과곁들여먹을수있는다양한김치종류,24000원
2065226658,돔베고기,메뉴카테고리없음,날마다직접삶아어디보다많은양과곁들여먹을수있는다양한김치종류,24000원
2065226658,통오징어수육,메뉴카테고리없음,주문즉시삶는야들야들하면서도탱글탱글함이살아있는통오징어2마리!!,24000원
2065226658,해물파전,메뉴카테고리없음,다양한해물이듬뿍들어가입안에넣으면해물향이확퍼지는해물파전!!,18000원
17474756,얼큰한김치찌개,메뉴카테고리없음,메뉴설명없음,19000원
17474756,비빔밥,메뉴카테고리없음,메뉴설명없음,6000원
17474756,카레밥,메뉴카테고리없음,메뉴설명없음,5500원
17474756,비빔국수,메뉴카테고리없음,메뉴설명없음,5500원
17474756,물국수,메뉴카테고리없음,메뉴설명없음,5500원
17474756,라면,메뉴카테고리없음,메뉴설명없음,5000원
17474756,전 반반,메뉴카테고리없음,메뉴설명없음,15500원
17474756,해물솔전,메뉴카테고리없음,메뉴설명없음,14500원
17474756,고추전,메뉴카테고리없음,메뉴설명없음,14500원
17474756,계란말이,메뉴카테고리없음,메뉴설명없음,15000원
17474756,닭똥집,메뉴카테고리없음,메뉴설명없음,17500원
17474756,닭발무침,메뉴카테고리없음,메뉴설명없음,18500원
17474756,제육볶음,메뉴카테고리없음,메뉴설명없음,19000원
17474756,오징어볶음소면,메뉴카테고리없음,메뉴설명없음,21500원
17474756,오돌뼈,메뉴카테고리없음,메뉴설명없음,19000원
17122958,소바,대표,메뉴설명없음,10000원
17122958,콩국수,대표,메뉴설명없음,10000원
17122958,소바 곱,메뉴카테고리없음,메뉴설명없음,12000원
17122958,비빔소바 곱,메뉴카테고리없음,메뉴설명없음,12000원
17122958,콩국수 곱,메뉴카테고리없음,메뉴설명없음,12000원
17122958,물냉면 곱,메뉴카테고리없음,메뉴설명없음,12000원
17122958,비빔냉면 곱,메뉴카테고리없음,메뉴설명없음,12000원
17122958,물냉면,메뉴카테고리없음,메뉴설명없음,10000원
17122958,비빔냉면,메뉴카테고리없음,메뉴설명없음,10000원
17122958,비빔소바,메뉴카테고리없음,메뉴설명없음,10000원
17122958,콩물한그릇,메뉴카테고리없음,메뉴설명없음,8000원
2049748405,함박오믈렛,대표,일본정통방식의오믈렛위에수제함바그가올라간에그하우스의대표메뉴,13000원
2049748405,오리지널 오믈렛,대표,일본정통방식의기본오믈렛,11000원
2049748405,타마고산도,대표,일본정통방식의수제계란산도(샌드위치)소스택(1)명란마요/스리라차,6000원
2049748405,카츠산도,대표,일본정통방식의수제돈가스산도(샌드위치)소스택(1)갈릭디핑/스리라차,7000원
2049748405,핫 스파이시 파스타,대표,에그하우스의일등공신인기메뉴!매콤한크림파스타(진라면매운맛정도의맵기),11000원
2049748405,페퍼로니 피자,대표,바삭한또띠아두장에치즈와페퍼로니가가득-수제토마토소스를사용한단짠피자!,12000원
2049748405,오일 파스타,메뉴카테고리없음,커다란새우두마리김가루와함께즐기는퓨전식오일파스타,11000원
2049748405,베이컨 크림 파스타,메뉴카테고리없음,베이컨듬뿍커다란새우두마리!매일직접만드는크림소스를사용한크림파스타,11000원
2049748405,로제 파스타,메뉴카테고리없음,직접만드는토마토소스와크림소스의찰떡비율!로제파스타,13000원
2049748405,토마토 파스타,메뉴카테고리없음,직접만드는토마토페이스트를사용해진하고깊은풍미의토마토파스타,12000원
2049748405,고르곤졸라 피자,메뉴카테고리없음,바삭한또띠아두장에치즈가가득-꿀을찍어먹는피자고르곤졸라!,11000원
2049748405,에그하이볼,메뉴카테고리없음,위스키와탄산수의황금비율!시원한하이볼,5000원
2049748405,자몽하이볼,메뉴카테고리없음,위스키와자몽청의황금비율!달콤쌉쌀하이볼,6000원
2049748405,레몬하이볼,메뉴카테고리없음,위스키와레몬청의황금비율!시원상큼한하이볼,6000원
2049748405,청포도에이드,메뉴카테고리없음,청포도청과탄산수의황금비율로시원달달한에이드,3000원
375214427,[멘야케이만의]전주불콩나물모악산라멘,대표,아삭한콩나물과차슈가추가되어전주명소모악산을나타낸매운라멘,16000원
375214427,[멘야케이만의] 전주콩나물모악산라멘,대표,아삭한콩나물과차슈가추가되어전주명소모악산을나타낸라멘,15000원
375214427,빗꾸리辛카라마제멘,대표,면고기채소계란에멘야케이의'특제양념소스'를더한일식마제소바,12000원
375214427,[풀토핑 NO.1라멘]케이MAX멘,메뉴카테고리없음,풀토핑도쿄식소유돈코츠라멘,13500원
375214427,[NO.1 매운돈코츠] 신케이MAX멘,메뉴카테고리없음,전주비주얼건강까지모두담은매운해장끝판왕라멘해장맛집으로오세요,14500원
375214427,[찍어먹는 매운라멘]카라츠케MAX멘,메뉴카테고리없음,매콤한소스에차가운면을찍어먹는풀토핑라멘,15500원
375214427,[찍어먹는 라멘]와후츠케MAX멘,메뉴카테고리없음,감칠맛넘치는소스에차가운면을찍어먹는풀토핑라멘,15500원
375214427,[도쿄식 쇼유 돈코츠] 케이라멘,메뉴카테고리없음,도쿄식쇼유돈코츠라멘,10000원
375214427,[NO.1 매운돈코츠] 신케이라멘,메뉴카테고리없음,전주노포느낌물씬나는분위기에연인과즐거운데이트즐기면서먹는매운쇼유돈코츠라멘,11000원
375214427,시로네기 차슈멘,메뉴카테고리없음,흰파or파란파와특제소스차슈가추가된라멘,11500원
375214427,[찍어먹는 매운라멘] 카라츠케멘,메뉴카테고리없음,전주현지인인정한찐로컬맛집매콤한육수에차가운면을찍어먹는라멘,12000원
375214427,[찍어먹는 라멘]와후츠케멘,메뉴카테고리없음,감칠맛넘치는소스에차가운면을찍어먹는라멘,12000원
375214427,미니차슈동,메뉴카테고리없음,라멘과함께곁들일수있는차슈덮밥,4000원
375214427,[사이드 NO.1]미니마요동,메뉴카테고리없음,미니차슈동위에특제마요네즈가뿌려진차슈덮밥,4500원
375214427,미니참깨동,메뉴카테고리없음,미니차슈동위에특제드레싱소스가뿌려진차슈덮밥,4500원
1729691935,흑돼지인생돈까스,대표,지리산흑돼지생듬심을직접두드려만든수제돈까스,9900원
1729691935,김치치즈돈까스나베,대표,얼큰한김치와고소한치즈가어우러진흑돼지돈까스냄비요리,10900원
1729691935,흑돼지 리얼치즈돈까스,메뉴카테고리없음,흑돼지생등심으로만든모짜렐라치즈가득수제돈까스,12500원
1729691935,흑돼지안심까스,메뉴카테고리없음,부드러운식감을느낄수있는돈까스,13500원
1729691935,흑돼지모듬까스,메뉴카테고리없음,등심리얼치즈안심모두다양하게즐길수있는돈까스,15900원
1729691935,샐러드돈까스,메뉴카테고리없음,발사믹비네거올리브오일꿀을베이스로만든샐러드돈까스,11900원
1729691935,매운 해물뎃판까스,메뉴카테고리없음,매콤한해물야채볶음과치즈돈까스의만남,12900원
1729691935,눈꽃치즈돈까스,메뉴카테고리없음,흑돼지돈까스위에100%자연산눈꽃치즈의조합,12500원
1729691935,등반치반 돈까스,메뉴카테고리없음,등심돈까스와치즈돈까스를한번에,11900원
1729691935,안반치반 돈까스,메뉴카테고리없음,안심돈까스와치즈돈까스를한번에,11900원
1729691935,등반안반 돈까스,메뉴카테고리없음,등심돈까스와안심돈까스를한번에,11900원
1729691935,크림돈파스,메뉴카테고리없음,까르보나라와치즈돈까스의조화,14900원
1729691935,토마토돈파스,메뉴카테고리없음,매콤해물토마토파스타와치즈돈까스의조화,15500원
1729691935,로제돈파스,메뉴카테고리없음,쉬림프로제파스타와돈까스의조화,15900원
1729691935,까르보나라파스타,메뉴카테고리없음,메뉴설명없음,10900원
1446516924,텐동,메뉴카테고리없음,메뉴설명없음,13000원
1446516924,에비텐동,메뉴카테고리없음,메뉴설명없음,15500원
1446516924,가츠동,메뉴카테고리없음,메뉴설명없음,14000원
1446516924,스테이크동,메뉴카테고리없음,메뉴설명없음,19500원
1446516924,호르몬동,메뉴카테고리없음,메뉴설명없음,17000원
1446516924,이베리코동,메뉴카테고리없음,메뉴설명없음,17000원
1446516924,오야꼬동,메뉴카테고리없음,메뉴설명없음,13000원
1446516924,연어새우장,메뉴카테고리없음,메뉴설명없음,16500원
1446516924,사케동,메뉴카테고리없음,메뉴설명없음,15000원
1446516924,사케뱃살동,메뉴카테고리없음,메뉴설명없음,16000원
1446516924,연어장,메뉴카테고리없음,메뉴설명없음,16000원
1446516924,생연어초밥10p,메뉴카테고리없음,메뉴설명없음,16500원
1446516924,*계절메뉴* 냉소바+돈카츠,메뉴카테고리없음,*여름한정메뉴입니다.*,13000원
1446516924,*계절메뉴* 연어장소바,메뉴카테고리없음,*여름한정메뉴입니다.*,13500원
1446516924,김치나베돈까스,메뉴카테고리없음,메뉴설명없음,12000원
34825919,월간메르밀 67월 -자색고구마콩국수,대표,월간메르밀6월7월호-자색고구마콩국수6월7월메르밀에서만만날수있는시즌메뉴,13000원
34825919,얼큰 우삼겹 온소바,대표,깊고진한특제육수에고소한우삼겹청양의매운향이어우러진겨울전용시그니처메뉴,12000원
34825919,온소바 ❤️ 겨울 시그니처,대표,깊고은근한육수는짜지않고담백하게마무리되어한모금마시는순간속이편안,11000원
34825919,생들기름메밀,대표,메밀국수의담백한매력에막짜낸듯신선한생들기름이더해져풍미가한층깊어집니다.,12000원
34825919,메밀콩국수,대표,메뉴설명없음,11000원
34825919,냉소바,대표,메뉴설명없음,10000원
34825919,땡초소바,대표,메뉴설명없음,11000원
34825919,비빔소바,대표,메뉴설명없음,11000원
34825919,쑥떡콩국수,대표,메뉴설명없음,12000원
34825919,돈까스,대표,바삭하게튀겨낸겉옷은얇으면서도고소한풍미가살아있고속고기는촉촉하면서도두툼,10000원
34825919,메밀감자만두,메뉴카테고리없음,메뉴설명없음,7000원
34825919,치즈돈까스,메뉴카테고리없음,메뉴설명없음,11000원
34825919,맛보기콩물,메뉴카테고리없음,메뉴설명없음,2500원
34825919,맛보기쑥쑥콩물,메뉴카테고리없음,메뉴설명없음,3500원
2012739239,[오리지널 한식] 닭도리탕,대표,메뉴설명없음,25900원
2012739239,[묵은지] 닭도리탕,메뉴카테고리없음,메뉴설명없음,28900원
2012739239,[한우대창] 곱도리탕,메뉴카테고리없음,메뉴설명없음,31900원
2012739239,[순두부] 닭도리탕,메뉴카테고리없음,메뉴설명없음,27900원
2012739239,[꽃게폭탄] 닭도리탕,메뉴카테고리없음,메뉴설명없음,34900원
2012739239,[새우폭탄] 새도리탕,메뉴카테고리없음,메뉴설명없음,34900원
2012739239,[모짜치즈] 닭도리탕,메뉴카테고리없음,메뉴설명없음,27900원
2012739239,[찹쌀누룽지] 닭도리탕,메뉴카테고리없음,메뉴설명없음,27900원
2012739239,[사골] 백도리탕,메뉴카테고리없음,메뉴설명없음,25900원
2012739239,고추튀김 3개,메뉴카테고리없음,메뉴설명없음,5000원
2012739239,김말이 6개,메뉴카테고리없음,메뉴설명없음,4000원
2012739239,새우튀김 3개,메뉴카테고리없음,메뉴설명없음,4000원
2012739239,야채튀김 3개,메뉴카테고리없음,메뉴설명없음,4000원
2012739239,오징어튀김 5개,메뉴카테고리없음,메뉴설명없음,4000원
2012739239,모짜렐라치즈스틱 3개,메뉴카테고리없음,메뉴설명없음,3500원
32708547,티라미수라떼,메뉴카테고리없음,메뉴설명없음,5800원
32708547,카페 아메리카노,메뉴카테고리없음,메뉴설명없음,4100원
32708547,카페 라떼,메뉴카테고리없음,메뉴설명없음,4600원
32708547,카페 모카,메뉴카테고리없음,메뉴설명없음,5100원
32708547,카라멜 마키아또,메뉴카테고리없음,메뉴설명없음,5600원
32708547,플로팅 라떼,메뉴카테고리없음,메뉴설명없음,6000원
32708547,콜드브루,메뉴카테고리없음,메뉴설명없음,4500원
32708547,로얄 밀크티,메뉴카테고리없음,메뉴설명없음,5500원
32708547,에스프레소,메뉴카테고리없음,메뉴설명없음,3300원
32708547,쑥라떼,메뉴카테고리없음,메뉴설명없음,5500원
11728244,육회비빔밥,메뉴카테고리없음,메뉴설명없음,17000원
11728244,놋그릇비빔밥,메뉴카테고리없음,메뉴설명없음,15000원
11728244,돌그릇비빔밥,메뉴카테고리없음,메뉴설명없음,15000원
11728244,인삼비빔밥,메뉴카테고리없음,메뉴설명없음,17000원
11728244,야채비빔밥,메뉴카테고리없음,메뉴설명없음,14000원
11728244,어린이비빔밥,메뉴카테고리없음,메뉴설명없음,11000원
11728244,황포묵육회,메뉴카테고리없음,메뉴설명없음,40000원
11728244,파전,메뉴카테고리없음,메뉴설명없음,18000원
11728244,불고기(1인분 250g),메뉴카테고리없음,메뉴설명없음,20000원
11728244,뚝배기불고기(1인분 200g),메뉴카테고리없음,메뉴설명없음,16000원
11728244,황포묵,메뉴카테고리없음,메뉴설명없음,18000원
1195097272,도야짜장,대표,메뉴설명없음,7000원
1195097272,도야짬뽕,대표,메뉴설명없음,10000원
1195097272,간짜장,대표,메뉴설명없음,9000원
1195097272,탕수육,대표,메뉴설명없음,13000원
1195097272,볶음밥,대표,메뉴설명없음,9000원
1195097272,소고기짬뽕,대표,메뉴설명없음,12000원
1195097272,불고기잡채밥,대표,메뉴설명없음,11000원
1195097272,해물누룽지탕,메뉴카테고리없음,메뉴설명없음,23000원
1195097272,해물짬뽕탕,메뉴카테고리없음,메뉴설명없음,23000원
1195097272,양장피,메뉴카테고리없음,메뉴설명없음,30000원
1195097272,고추잡채,메뉴카테고리없음,메뉴설명없음,21000원
1195097272,크림새우,메뉴카테고리없음,메뉴설명없음,22000원
1195097272,칠리새우,메뉴카테고리없음,메뉴설명없음,22000원
1195097272,깐풍새우,메뉴카테고리없음,메뉴설명없음,22000원
1195097272,유린기,메뉴카테고리없음,메뉴설명없음,22000원
95978698,무뼈국물닭발(중) (2-3인),대표,순정닭발의시그니쳐국물닭발,24000원
95978698,통뼈국물닭발(중)(2-3인),대표,순정닭발의시그니쳐국물닭발,23000원
95978698,크림무뼈닭발,대표,오직순정닭발에서만맛보실수있는고소한크림과매운닭발의환상의콜라보,27000원
95978698,찹쌀 전기구이 통닭,대표,메뉴설명없음,12000원
95978698,반반국물닭발(무뼈/통뼈),메뉴카테고리없음,메뉴설명없음,24000원
95978698,무뼈닭발구이(중)(2-3인),메뉴카테고리없음,메뉴설명없음,24000원
95978698,기본세트(주먹밥+계란찜+쿨피스),메뉴카테고리없음,메뉴설명없음,7000원
95978698,매콤 똥집튀김,메뉴카테고리없음,메뉴설명없음,13000원
95978698,까르보나라,메뉴카테고리없음,메뉴설명없음,10000원
1687072934,뉴뉴치킨,대표,닭다리살과새우야채를노릇하게구워으깬감자와감자튀김특제소스를곁들인디쉬.,19000원
1687072934,포테이토 라자냐,대표,으깬감자.볼로네제.모짜렐라.베샤멜소스,18000원
1687072934,뉴뉴 크림 파스타,대표,구운닭다리살이올라간뉴뉴의매콤한시그니쳐크림파스타.,16000원
1687072934,들기름 명란 파스타,대표,명란과볶음김치를얹어들기름소스에버무려먹는콜드파스타.,13000원
1687072934,바질 오일 파스타,대표,향긋한바질페스토와마늘향가득한새우를얹은오일파스타.,14000원
1687072934,파스트라미&치즈 샌드위치,대표,파스트라미햄하바티치즈상추치아바타.,10000원
1687072934,뉴뉴 크림 리조또,대표,구운닭다리살이올라간뉴뉴의매콤한시그니쳐크림리조또.,16000원
1687072934,김치볶음밥,대표,부드러운오믈렛이올라간매콤한김치볶음밥,14000원
1687072934,토마토 마리네이드 카프레제,대표,직접마리네이드한발사믹토마토와바질페스토모짜렐라보코치니.,9000원
1687072934,김페스토 파스타,메뉴카테고리없음,직접만든수제김페스토로만들어고소함과감칠맛을극대화시킨파스타,15000원
1687072934,뉴뉴 플레이트,메뉴카테고리없음,직접준비한8가지재료가들어가맛과벨런스를완벽하게잡은플레이트,19000원
1687072934,뉴뉴포크,메뉴카테고리없음,국내산한돈목살다양한가니쉬으깬감자와감자튀김매콤하고상큼한특제소스디쉬,25000원
1687072934,페퍼로니 라자냐,메뉴카테고리없음,고구마무스위에얹은라자냐에리코타와페퍼로니를올려달콤짭짤한라자냐.,20000원
1687072934,불고기크림파스타,메뉴카테고리없음,수제양념으로재운불고기가올라간크림파스타,16000원
1687072934,쟌슨빌 나폴리탄,메뉴카테고리없음,노릇하게구운쟌슨빌소세지와오믈렛을얹은나폴리탄파스타.,14000원
13163796,소바,대표,메뉴설명없음,10000원
13163796,콩국수,대표,메뉴설명없음,10000원
13163796,비빔소바,메뉴카테고리없음,메뉴설명없음,10000원
13163796,소바곱배기,메뉴카테고리없음,메뉴설명없음,12000원
13163796,콩국수곱배기,메뉴카테고리없음,메뉴설명없음,12000원
13163796,비빔소바곱배기,메뉴카테고리없음,메뉴설명없음,12000원
13163796,콩물,메뉴카테고리없음,메뉴설명없음,8000원
34006669,꽈트로포르마지,대표,4가지치즈토핑피자가마피자의BEST피자.,20000원
34006669,스테이크베이컨샐러드,대표,통베이컨을으깬통후추와함께구워신선한샐러드야채와곁들인가마대표샐러드.,13000원
34006669,가마클래식,대표,가마피자의시그니처메뉴인가마클래식화덕에구운베이컨과루꼴라의향이어울리는피자.,20000원
34006669,새우×명란 로제 파스타,대표,로제소스와장석준명품명란을곁들여꾸덕하고진한로제파스타,17000원
34006669,가마 직화불고기,메뉴카테고리없음,남녀노소호불호없이가장인기있는불고기피자.,27000원
34006669,마르게리타,메뉴카테고리없음,48시간숙성생도우와24시간이상숙성시킨토마토소스통모짜렐라치즈신선한바질그냥끝,17000원
34006669,고르곤졸라,메뉴카테고리없음,진한고르곤졸라치즈의풍미를느낄수있는고르곤졸라피자.,18000원
34006669,더블 페퍼로니,메뉴카테고리없음,페퍼로니×2페퍼로니만의매력피자,19000원
34006669,농부피자,메뉴카테고리없음,구운감자구운고구마베이컨체다치즈사워크림소스와고구마무스직원알바분들의원픽,19000원
34006669,더블치즈베이컨,메뉴카테고리없음,모짜렐라치즈와체다치즈의더블치즈피자,19000원
34006669,시저 샐러드,메뉴카테고리없음,이태리식시저드레싱에닭가슴살아삭한야채샐러드,13000원
34006669,리코타치즈 샐러드,메뉴카테고리없음,쫀쫀한리코타치즈+아삭아삭야채와상큼한유자드레싱샐러드,13000원
34006669,새우×대패 필라프,메뉴카테고리없음,새우와대패의콜라보의토핑가득필라프.,18000원
34006669,베이컨크림 파스타,메뉴카테고리없음,부드러운크림이면발에스며들어한입에고소함이가득퍼지는크림파스타,16000원
34006669,감바스 알아히요 파스타,메뉴카테고리없음,통통한새우감바스파스타,19000원
11782597,한정식3~4인(양반가전통상)예약필수,대표,메뉴설명없음,400000원
11782597,한정식3~4인 (수라상)사전예약필수,대표,메뉴설명없음,300000원
11782597,한정식3~4인 기준(특),대표,메뉴설명없음,220000원
11782597,한정식3~4인 기준(진),대표,메뉴설명없음,180000원
11782597,한정식3~4인 기준(선),메뉴카테고리없음,메뉴설명없음,140000원
11782597,한정식3~4인 기준(미)(평일점심한상,메뉴카테고리없음,메뉴설명없음,120000원
11782597,2인정식(2인일경우만해당됨),메뉴카테고리없음,메뉴설명없음,140000원
11782597,2인정식 (2인일경우만해당됨),메뉴카테고리없음,메뉴설명없음,110000원
11782597,꽃게장(포장가능),메뉴카테고리없음,메뉴설명없음,35000원
11782597,갈비찜,메뉴카테고리없음,메뉴설명없음,35000원
11782597,양념게장,메뉴카테고리없음,메뉴설명없음,15000원
11782597,삼합 소,메뉴카테고리없음,메뉴설명없음,15000원
11782597,삼합 중,메뉴카테고리없음,메뉴설명없음,25000원
11782597,광어회,메뉴카테고리없음,메뉴설명없음,30000원
11782597,신선로,메뉴카테고리없음,메뉴설명없음,30000원
2052033549,정희 한상 플래터,대표,정희갈비양념소갈비고추장폴드포크새우밀전병과곁들일수있는소스가제공되는정희한상,39900원
2052033549,고사리 크림 수제비,메뉴카테고리없음,푹삶은고사리와진한크림트러플오일들깨감태를가미한크림수제비,13900원
2052033549,새우 감자전,메뉴카테고리없음,새우와루꼴라치즈가듬뿍올라간바삭한감자전,17900원
2052033549,강된장 케일 쌈밥,메뉴카테고리없음,몸에좋은케일소고기를넣은밥을된장소스에적셔먹는밥,10900원
2052033549,소고기 지짐밥,메뉴카테고리없음,감칠맛폭발한정희만의깍두기볶음밥위에한우육회를곁들인음식,13900원
2052033549,깻잎 고등어 지짐밥,메뉴카테고리없음,담백하게구운고등어에직접만든꺳잎페스토를올려담백하고고소한고등어지짐밥,13900원
2052033549,정희 삼합,메뉴카테고리없음,부드럽게조리한국내산한돈과새콤달콤참나물꼬막무침아삭한김치가어울러진정희삼합,19900원
2052033549,육전 카펠리니,메뉴카테고리없음,새콤달콤한양념에노릇하게구운육전이올라간카펠리니비빔면,12900원
2052033549,봉골레 칼국수,메뉴카테고리없음,시원한바지락칼국수를봉골레느낌으로재해석한칼국수,12900원
2052033549,육개장 칼국수,메뉴카테고리없음,정희만의특제다대기로만든깊고진한칼칼한육개장칼국수,12900원
2052033549,매콤들기름 메밀면,메뉴카테고리없음,정희만의특제매콤소스로맛을낸중독성있는매콤들기름메밀면,10900원
2052033549,동치미 세비체 카펠리니,메뉴카테고리없음,새콤달콤한세비체소스쫄깃한광어시원한동치미육수가어울러진퓨전면요리,13900원
2052033549,감태 타르타르,메뉴카테고리없음,감태와정희만의특제소스를버무린한우육회가올라간밥,11900원
2052033549,묵은지 회말이,메뉴카테고리없음,신선한제철회와새콤한묵은지로말아놓은밥,12900원
2052033549,어린이 자동차 세트,메뉴카테고리없음,부드러운크림카레새우소시지치즈요구르트까지어린이들을위한메뉴총집합,9900원
19545775,월간메르밀 67월 -자색고구마콩국수,대표,월간메르밀67월호-자색고구마콩국수6월7월메르밀에서만만날수있는시즌한정메뉴,13000원
19545775,냉소바,대표,메뉴설명없음,10000원
19545775,땡초소바,대표,메뉴설명없음,11000원
19545775,온소바,대표,메뉴설명없음,11000원
19545775,생들기름메밀,대표,메뉴설명없음,12000원
19545775,메밀콩국수,대표,메뉴설명없음,11000원
19545775,메밀 비빔소바,메뉴카테고리없음,메뉴설명없음,11000원
19545775,오리지널 콩국수,메뉴카테고리없음,메뉴설명없음,11000원
19545775,쑥떡콩국수,메뉴카테고리없음,메뉴설명없음,12000원
19545775,돈까스,메뉴카테고리없음,메뉴설명없음,10000원
19545775,치즈돈까스,메뉴카테고리없음,메뉴설명없음,11000원
19545775,얇은피 만두,메뉴카테고리없음,메뉴설명없음,7000원
19545775,맛보기콩물,메뉴카테고리없음,메뉴설명없음,2500원
19545775,맛보기쑥쑥콩물,메뉴카테고리없음,메뉴설명없음,3500원
1152003157,아돌체 (Hot/Ice),대표,돌체라떼+아몬드시럽의고소하고부드러운크림라떼,7500원
1152003157,땅콩크림라떼 (Only Ice),대표,땅콩의고소함과단짠의부드러운생크림!유기농커피와의환상적인조합,8000원
1152003157,에스프레소,메뉴카테고리없음,고소한향기와깊고풍부한맛이일품인커피,5000원
1152003157,아메리카노 (Hot),메뉴카테고리없음,커피본연의순수한향과맛을통해많은분들이부담없이즐기는커피,5500원
1152003157,아메리카노 (Ice),메뉴카테고리없음,커피본연의순수한향과맛을통해많은분들이부담없이즐기는커피,6000원
1152003157,에스프레소 마끼야또,메뉴카테고리없음,에스프레소에부드러운스팀밀크를첨가,5500원
1152003157,에스프레소 콘파냐,메뉴카테고리없음,에스프레소위에하얀생크림을얹어달콤하고부드러운커피,5500원
1152003157,카페 비엔나 (Hot/Ice),메뉴카테고리없음,농도가진한커피위에하얀생크림을얹어달콤하고부드러운커피,7000원
1152003157,카푸치노 (Hot/Ice),메뉴카테고리없음,에스프레소에따뜻한유기농우유거품을얹은분위기있는커피,7000원
1152003157,카페라떼(Hot/Ice),메뉴카테고리없음,에스프레소에따뜻한유기농우유를듬뿍넣어부드럽고순한커피,7000원
1152003157,바닐라 라떼 (Hot/Ice),메뉴카테고리없음,메뉴설명없음,7000원
1152003157,헤이즐넛 라떼 (Hot/Ice),메뉴카테고리없음,메뉴설명없음,7000원
1152003157,아포가토,메뉴카테고리없음,바닐라하겐다즈아이스크림에에스프레소가뿌려진달콤한커피,8000원
1152003157,콜드브루 (Only Ice),메뉴카테고리없음,메뉴설명없음,6000원
1152003157,하우스블랜드핸드드립 (Hot/Ice),메뉴카테고리없음,메뉴설명없음,7000원
1317484628,1938 옛날빙수(2인분),대표,눈꽃얼음팥바닐라아이스크림인절미떡이어우러진옛날빙수,18000원
1317484628,1938크림라떼(Only Ice),대표,카페1938시그니처달콤한크림과진한에스프레소의크림라떼,9000원
1317484628,한독당 밀크티(ICE/HOT),대표,최상의홍차를직접블렌딩하여정성껏우려낸수제밀크티,7500원
1317484628,쏠트 초코 휘낭시에,대표,발로나초콜릿칩이들어있는휘낭시에,4500원
1317484628,두바이쫀득볼(피스타치오),대표,수제피스타치오페이스트카다이프면깔리바우트화이트초콜릿으로만든수제두바이쫀득볼,7500원
1317484628,에그타르트,대표,진한풍미의수제에그타르트,4500원
1317484628,1938맨션 페스츄리 프렌치 토스트,대표,유기농밀과천연벌꿀로만든페스츄리브레드에달걀과생크림을입혀속은더욱촉촉한토스트,12000원
1317484628,K-떡갈비 로제 수제비,대표,한국식으로재해석한매콤란수제소스전주식떡갈비가만난쫀득수제비파스타,23000원
1317484628,수제 뱅쇼(시즌메뉴),대표,와인에각종과일과약재를넣어끓인수제뱅쇼감기예방에도효과졸은따뜻한차,12000원
1317484628,수제 뱅쇼 에이드(시즌메뉴),대표,와인에각종과일과약재를넣어끓였어요시원하게드시는분들을위해탄산이들어간에이드,12000원
1317484628,쏠트 캐러맬 휘낭시에,메뉴카테고리없음,수제로만든캐러멜과소금이들어간단짠디저트,3800원
1317484628,말차 초코 휘낭시에,메뉴카테고리없음,메뉴설명없음,3800원
1317484628,플레인휘낭시에,메뉴카테고리없음,오리지널휘낭시에,3500원
1317484628,커피 크럼블 휘낭시에,메뉴카테고리없음,메뉴설명없음,3800원
1317484628,애플 크럼블 휘낭시에,메뉴카테고리없음,수제사과조림과크럼블의달콤한조합,4300원
1111317495,다크쇼콜라 초코케이크,메뉴카테고리없음,메뉴설명없음,13500원
1111317495,생딸기 크로플,메뉴카테고리없음,메뉴설명없음,19000원
1111317495,실타래케이크,메뉴카테고리없음,메뉴설명없음,12500원
1111317495,밀크 팥빙수,메뉴카테고리없음,수제최고급팥을사용하여만든팥빙수,19000원
1111317495,크로플,메뉴카테고리없음,최고급생지를사용하여주문즉시구워드리는맛있는크로플!,16000원
1111317495,아메리카노,메뉴카테고리없음,최고급원두를사용하여최고급머신으로주출하여깊고진한향이나는아메리카노,6500원
1111317495,핸드드립커피,메뉴카테고리없음,최고급스페셜티원두를사용하여직접내린핸드드립커피,12000원
1111317495,에스프레소,메뉴카테고리없음,최고급원두를사용한에스프레소,6500원
1111317495,카페라떼,메뉴카테고리없음,최고급원두를사용하여쓴맛을잘잡아준라떼,7500원
16784383,PNB 오리지널초코파이,메뉴카테고리없음,달콤한초콜릿과부드러운크림딸기잼이조화를이룬환상의맛!,2300원
16784383,PNB 화이트초코파이,메뉴카테고리없음,최상의코코아와화이트초콜릿의부드럽고깊은맛을느껴보세요.,2500원
16784383,콘붓세,메뉴카테고리없음,촉촉하고폭신폭신한빵사이에모카크림과딸기쨈의절묘한조화,2300원
16784383,땅콩센베,메뉴카테고리없음,바삭한센베에땅콩이풍부하게박혀있는PNB땅콩센베PNB의대표인기상품,10000원
16784383,깨센베,메뉴카테고리없음,흑임자깨가듬뿍들어있어고소한식감이일품인PNB깨센베,9000원
16784383,김센베,메뉴카테고리없음,바삭한센베에파래의풍미가잘어우러진바삭한식감을살리기위해불로8시간굽는센베,9000원
16784383,생강센베,메뉴카테고리없음,국내산생강을사용하여달콤하고쌉싸름한풍미가살아있는부드러운식감의생강센베,9000원
16784383,초코파이 10개,메뉴카테고리없음,메뉴설명없음,23000원
16784383,미니초코파이 15개,메뉴카테고리없음,메뉴설명없음,27000원
1142633504,상하이 버터떡(3개),대표,버터의깊은풍미와쫀득한식감을동시에즐길수있는상하이버터떡출시!,5800원
1142633504,코코넛 말차 크림 라떼,대표,NEW말차출시!깊은말차풍미에부드러운우유를더한여운가득한한모금.,6500원
1142633504,말차 라떼,대표,NEW말차출시!깊은말차풍미에부드러운우유를더한여운가득한한모금.,6200원
1142633504,스프링 포레스트 리프레서,대표,다시돌아온골든티어워드금상수상블렌딩!레몬머틀·망고·유자의상큼달콤한조화,6800원
1142633504,스프링 포레스트 티,대표,다시돌아온골든티어워드금상수상블렌딩!레몬머틀·망고·유자의상큼달콤한조화,6000원
1142633504,정오 [히비스커스 블렌딩],대표,히비스커스에로즈페탈레몬그라스등다양한재료를블렌딩한메뉴*티팟에제공됩니다,5500원
1142633504,늦은밤 [캐모마일 블렌딩],대표,캐모마일에로즈마리배등다양한재료를블렌딩한메뉴*티팟에제공됩니다,5500원
1142633504,장미 블렌딩 밀크티,대표,8시간이상의저온냉침그리고장미얼그레이를블렌딩한밀크티*머그잔에제공됩니다,5800원
1142633504,얼그레이 블렌딩 밀크티,대표,8시간이상의저온냉침그리고얼그레이초코를블렌딩한밀크티*머그잔에제공됩니다,5800원
1142633504,레몬 파운드,대표,원스타임오프의시그니처디저트,4800원
1142633504,소금빵,대표,버터를베이스로한빵의표면에소금을뿌려단짠의풍미를강조한소금빵,3200원
1142633504,아메리카노,메뉴카테고리없음,원스타임오프의균형감있는밸런스를갖춘원두를사용해최상의맛을추구합니다,4500원
1142633504,카페라떼,메뉴카테고리없음,메뉴설명없음,5000원
1142633504,콜드브루,메뉴카테고리없음,찬물로천천히우려낸커피산미는적고부드러우며깊은풍미가특징인커피,5200원
1142633504,바닐라라떼,메뉴카테고리없음,메뉴설명없음,5500원
33277058,우리밀 수제 초코파이 10개,메뉴카테고리없음,메뉴설명없음,23000원
33277058,우리밀 리얼 초코파이 10개,메뉴카테고리없음,메뉴설명없음,25000원
33277058,우리밀 화이트 초코파이 10개,메뉴카테고리없음,메뉴설명없음,25000원
33277058,우리밀 화이트 붓세 10개,메뉴카테고리없음,메뉴설명없음,23000원
33277058,송실전병,메뉴카테고리없음,메뉴설명없음,9000원
33277058,땅콩전병,메뉴카테고리없음,메뉴설명없음,10000원
33277058,생강전병,메뉴카테고리없음,메뉴설명없음,9000원
33277058,김전병,메뉴카테고리없음,메뉴설명없음,9000원
1694616852,보석 육회 김밥,대표,보석같이아름다운보석김밥과육회의콜라보!,32900원
1694616852,오삼 김치치즈전,대표,고소한치즈가만나환상적인맛을자랑하는시그니처안주,21900원
1694616852,육즙 폭발 육전,대표,노릇하게구워낸육즙폭발가득한육전!,19900원
1694616852,해물 듬뿍 파전,대표,쫄깃한오징어와새우가듬뿍올라가고+싱싱한파와계란의고소함의조화가일품,21900원
1694616852,대동여지도주,대표,강원도서울경기도전라도경상도제주도6개지역의대표술을플레이팅한대동여지도주,18000원
1694616852,따끈따끈 사골떡만둣국,대표,추운겨울계절메뉴출시!사골로진~하게우려낸국물사골떡만두국,13000원
1694616852,육전 쌈밥 SET,대표,육즙이팡팡육전과마약김밥의환상의조합!육전+마약김밥+각종쌈채소,31000원
1694616852,전주한상차림,대표,*하루전전화예약필수*보석육회김밥+막국수+해물파전+육전쌈밥+대동여지도주,99000원
1694616852,육회비빔밥,메뉴카테고리없음,전주의맛을담은알록달록건강육회비빔밥신선한야채와육회의만남!!,15000원
1694616852,전주비빔밥(비건),메뉴카테고리없음,메뉴설명없음,12000원
1694616852,전주 SET,메뉴카테고리없음,육전+대동여지도주+미니묵무침,39500원
1694616852,따끈따끈 어묵탕,메뉴카테고리없음,메뉴설명없음,9900원
1694616852,보석막국수,메뉴카테고리없음,시원한막국수가보석같은비쥬얼이잖아!!,17000원
1694616852,입안가득 육회비빔냉면,메뉴카테고리없음,신선한육회와쫄깃한면발이입안가득퍼지는맛의향연.,14000원
1694616852,동치미 물냉면,메뉴카테고리없음,시원한동치미국물로느끼함을싹~,12000원
1246677842,콩물포장 0.5L,메뉴카테고리없음,1.5L15000,6000원
1246677842,칼국수,메뉴카테고리없음,들깨가루와고춧가루김가루를뿌리고계란을풀어넣은걸쭉한칼국수,9000원
1246677842,쫄면,메뉴카테고리없음,새콤매콤한양념과함께아삭아삭한야채가듬뿍들어간쫄면,8000원
1246677842,만두,메뉴카테고리없음,얇은만두피에속을꽉채워육즙가득부드러운식감이일품인만두,7000원
1246677842,콩국수,메뉴카테고리없음,메뉴설명없음,10000원
1246677842,소바,메뉴카테고리없음,메뉴설명없음,10000원
1848527934,수비드 문어 명란 오일파스타,대표,수비드한문어와페퍼론치노명란아보카도오일로맛을낸풍미깊은파스타,19500원
1848527934,바질페스토 크림리조또,대표,수제바질페스토와그라나파다노로깊은풍미를낸향긋한리조또,19500원
1848527934,수비드 닭다리살 스테이크,대표,오랜시간수비드한부드러운닭다리살진한토마토소스메쉬드포테이토,22000원
1848527934,잣크림 딸리아뗄레,메뉴카테고리없음,잣이들어간고소하고담백한크림파스타,21000원
1848527934,화이트 라구 파스타,메뉴카테고리없음,다진살치살과파슬리화이트와인과그라나파다노치즈를넣고뭉근하게끊여낸화이트라구소스,21000원
1848527934,갑오징어 구이,메뉴카테고리없음,통으로구운갑오징어와마늘소스와훈연한파프리카의조화,15000원
1848527934,스패니쉬 뽈뽀(문어),메뉴카테고리없음,구운파프리카로만든로메스코소스위에구운문어다리와구운야채를올린스페인유명로컬메뉴,34000원
1848527934,꿀대구,메뉴카테고리없음,갈릭아이올리소스와꿀토마토소스를곁들인스페인식대구요리,32000원
1848527934,과카몰리 오픈 토스트,메뉴카테고리없음,깜빠뉴스크램블에그과카몰리그릴드머쉬룸방울토마토딜레몬,16000원
1848527934,살치살 스테이크 220g~,메뉴카테고리없음,품질좋은프리미엄브랜드EXCEL살치살팬프라잉조리,48000원
1848527934,전복리조또,메뉴카테고리없음,싱싱한전복의내장으로만든소스에할라피뇨를넣어깔끔하게드실수있는리조또,21000원
1848527934,스파이시 봉골레 토마토 파스타,메뉴카테고리없음,생바질과로즈마리를넣고끊인토마토소스에바지락과페퍼론치노를넣어센불에볶은파스타,18000원
1848527934,우니(성게알) 크림 파스타,메뉴카테고리없음,부드럽고녹진한성게알이올라간조개베이스와짭조름한우니크림이조화를이룬파스타,26000원
1848527934,비스큐 크림 파스타,메뉴카테고리없음,새우껍질과내장의고소한풍미를가득담은비스큐소스와마스카포네특유의부드러운맛의파스타,23000원
1848527934,감바스 알 아히요,메뉴카테고리없음,페퍼론치노와로즈마리가듬뿍들어간갈릭오일베이스에새우가들어간스페인식요리,21000원
1857315164,이탈리안돈까스세트ㅡㅡ,대표,모짜렐라블럭치즈를감싼신선한돈등심(2개)+건과류토핑된모듬야채샐러드+흰밥+사각단무지+오이.무우피클+모듬야채가토핑된수제소스,13000원
1857315164,이탈리안돈까스ㅡㅡ,대표,모짜렐라블럭치즈를감싼신선한돈등심(2개)+흰밥+양배추.적채샐러드+단무지+오이.무우피클+모듬야채가토핑된수제소스,11000원
16792504,원조 수제물갈비,대표,"""붙이지않은진짜갈비""로비법양념과신선한야채콩나물과당면을넣어끓여먹는물갈비",20000원
16792504,부추볶음밥,대표,남은전골국물에밥을비벼먹는부추볶음밥은자매갈비의시그니처입니다.,3000원
16792504,새우부추전,메뉴카테고리없음,탱글탱글한생새우와영양만점아삭한부추의만남!겉바속촉식감이살아있는별미,15000원
16792504,떡갈비,메뉴카테고리없음,갈빗살로만든육즙가득프리미엄떡갈비,13000원
16792504,아귀순살튀김,메뉴카테고리없음,한입베어무는순간느껴지는극강의부드러움!복튀김만큼귀하고맛있는아귀순살재발견,16000원
16792504,계란찜,메뉴카테고리없음,메뉴설명없음,5000원
16792504,공기밥,메뉴카테고리없음,알이굵어씹는맛이일품!신동진쌀로완성하는건강한집밥한끼,1000원
16792504,만두사리,메뉴카테고리없음,전골에사리로넣어서더욱풍성한맛으로즐길수있습니다.,3000원
16792504,야채사리,메뉴카테고리없음,산지에서오늘공수한신선함그대로콩나물과버섯,3000원
16792504,라면사리,메뉴카테고리없음,사리추가로가능합니다,3000원
16792504,당면사리,메뉴카테고리없음,첫주문시당면이들어있습니다.,3000원
1595618342,흑임자라떼,대표,메뉴설명없음,8000원
1595618342,현미크림커피,대표,메뉴설명없음,8500원
1595618342,아메리카노,대표,메뉴설명없음,5500원
1595618342,벌꿀소금빵,대표,메뉴설명없음,3400원
1595618342,플레인 소금빵,메뉴카테고리없음,메뉴설명없음,3300원
1595618342,글레이즈 소금빵,메뉴카테고리없음,메뉴설명없음,3500원
1595618342,명란 소금빵,메뉴카테고리없음,메뉴설명없음,3500원
1595618342,생크림 소금빵,메뉴카테고리없음,메뉴설명없음,4500원
1595618342,갈릭버터 소금빵,메뉴카테고리없음,메뉴설명없음,4000원
1595618342,체다할라피뇨 소금빵,메뉴카테고리없음,메뉴설명없음,4000원
1595618342,백앙금 버터롤,메뉴카테고리없음,메뉴설명없음,4000원
1595618342,팥앙금 버터롤,메뉴카테고리없음,메뉴설명없음,4000원
1595618342,티슈브레드,메뉴카테고리없음,메뉴설명없음,7500원
1595618342,마블큐브,메뉴카테고리없음,메뉴설명없음,7700원
1595618342,몽블랑,메뉴카테고리없음,메뉴설명없음,5000원
33342797,전주왱이국밥,대표,메뉴설명없음,9000원
33342797,모주 큰병,대표,메뉴설명없음,10000원
33342797,모주 작은병,메뉴카테고리없음,메뉴설명없음,5000원
33342797,모주 한잔,메뉴카테고리없음,메뉴설명없음,2000원
33342797,어린이국밥,메뉴카테고리없음,메뉴설명없음,7000원
1528741155,소금 슈페너,대표,단짠밸런스로완성한시그니처크림커피(onlyice),6500원
1528741155,초코바게트,대표,발로나초코스틱과가나슈를올린진한맛의초코바게트,7300원
1528741155,소금빵,대표,메뉴설명없음,3000원
1528741155,와인 한잔 & 바닐라 아이스크림,대표,바닐라아이스크림과와인한잔으로구성된세트입니다.,13900원
1528741155,소금빵 우베 아이스크림,대표,오리지널소금빵바닐라아이스크림우베시럽고소하고달콤한우베의맛을느껴보세요,7300원
1528741155,피스타치오 슈페너,메뉴카테고리없음,진한피스타치오크림이끝까지이어지는시그니처쿠림라떼,6900원
1528741155,피스타치오 크림치즈 바게트 샌드위치,메뉴카테고리없음,바게트잠봉피스타치오루꼴라꿀크림치즈,8500원
1528741155,소금빵 샌드위치,메뉴카테고리없음,소금빵잠봉루꼴라꿀바질소스,6500원
1528741155,어니언 수프 & 소금빵 러스크,메뉴카테고리없음,직접만든어니언수프에바삭한소금빵러스크를올려드립니다(수프안에도러스크포함),11900원
1528741155,아메리카노,메뉴카테고리없음,메뉴설명없음,4500원
1528741155,카페라떼,메뉴카테고리없음,메뉴설명없음,5000원
1528741155,솔티 카라멜,메뉴카테고리없음,메뉴설명없음,6000원
1528741155,명란마요 소금빵,메뉴카테고리없음,명란과쫄깃한소금빵의조화로운맛!,4300원
1528741155,바질 소금빵,메뉴카테고리없음,메뉴설명없음,3800원
1528741155,대파크림치즈 소금빵,메뉴카테고리없음,메뉴설명없음,4300원
1457865014,큐브라떼,메뉴카테고리없음,메뉴설명없음,4200원
1457865014,쿠키프라페,메뉴카테고리없음,메뉴설명없음,3900원
1457865014,퐁크러쉬 플레인,메뉴카테고리없음,메뉴설명없음,3900원
1457865014,딸기라떼,메뉴카테고리없음,메뉴설명없음,3700원
1457865014,아이스 아메리카노,메뉴카테고리없음,메뉴설명없음,2000원
36668406,특한울정식(2인이상 주문가능),대표,간장양념게장떡갈비더덕제육불고기된장찌개미역국등16찬으로이뤄진한상차림임,25000원
36668406,수제떡갈비정식(2인이상 주문가능),대표,떡갈비와함께된장찌개소고기미역국등14~16찬이제공.국산돼지고기떡갈비의담백부드런맛,14800원
36668406,더덕제육불고기정식(2인이상 주문가능),메뉴카테고리없음,14~16가지된장찌개소고기미역국과함께더덕제육불고기가제공됩니다.국산더덕과고추장,14800원
36668406,백반정식(2인이상 주문가능),메뉴카테고리없음,백반정식은된장찌개소고기미역국등전주식백반으로푸짐히제공됩니다.신선한반찬과별미식임,12000원
36668406,모주 大,메뉴카테고리없음,순한부드러움에고소하면서계피향나는감칠맛이좋은모주는남녀노소누구나즐길수있어요,10000원
36668406,떡갈비(추가),메뉴카테고리없음,메뉴설명없음,6000원
36668406,제육 1접시(추가),메뉴카테고리없음,메뉴설명없음,9000원
16795216,육회비빔밥,대표,신선한한우육회와10여가지의신선한재료로맛을낸한국집인기비빔밥,17000원
16795216,전주비빔밥,대표,익힌한우와10여가지신전한재료로맛을낸70년전통의한국집최초비빔밥,15000원
16795216,돌솥비빔밥,대표,익힌한우와신선한10여가지재료들이뜨겁게조화를이룬한국집특선비빔밥,15000원
16795216,낙지비빔밥,메뉴카테고리없음,낙지한마리가통째로~!매콤한맛이일품인비빔밥,17000원
16795216,한우육회(200g),메뉴카테고리없음,메뉴설명없음,40000원
16795216,돌판불고기,메뉴카테고리없음,메뉴설명없음,28000원
16795216,육전(8장),메뉴카테고리없음,메뉴설명없음,25000원
16795216,해물파전,메뉴카테고리없음,메뉴설명없음,15000원
16795216,황포묵회,메뉴카테고리없음,메뉴설명없음,15000원
16795216,한우세트2인,메뉴카테고리없음,육회(120g)+육전(6장)+전주비빔밥2,70000원
16795216,한우세트3인,메뉴카테고리없음,육회(120g)+육전(6장)+전주비빔밥3,84000원
16795216,한우세트4인,메뉴카테고리없음,육회(120g)+육전(6장)+전주비빔밥4,98000원
16795216,육회세트2인,메뉴카테고리없음,육회200g+전주비빔밥2,66000원
16795216,육회세트3인,메뉴카테고리없음,육회200g+전주비빔밥3,80000원
16795216,육회세트4인,메뉴카테고리없음,육회200g+전주비빔밥4,95000원
11540579,전주비빔밥,대표,메뉴설명없음,14000원
11540579,육회비빔밥,대표,메뉴설명없음,17000원
11540579,파전,메뉴카테고리없음,메뉴설명없음,14000원
11540579,떡갈비,메뉴카테고리없음,메뉴설명없음,14000원
11540579,전주비빔밥+떡갈비,메뉴카테고리없음,메뉴설명없음,21000원
11540579,산더미불고기 중,메뉴카테고리없음,메뉴설명없음,48000원
11540579,산더미불고기 대,메뉴카테고리없음,메뉴설명없음,64000원
11540579,육회(180g),메뉴카테고리없음,메뉴설명없음,35000원
11540579,육회탕탕이,메뉴카테고리없음,메뉴설명없음,58000원
11540579,찹쌀생주,메뉴카테고리없음,메뉴설명없음,8000원
11540579,모주 한 잔,메뉴카테고리없음,메뉴설명없음,5000원
11540579,모주,메뉴카테고리없음,메뉴설명없음,12000원
1705369488,바게트버거,대표,바게트속을파고고기와야채소스를곁들인1인식사대용버거입니다,6000원
1705369488,컵과일,메뉴카테고리없음,제철과일로구성이바뀔수있습니다.,6000원
1705369488,과일도시락,메뉴카테고리없음,메뉴설명없음,10000원
1705369488,파인애플+바게트버거,메뉴카테고리없음,메뉴설명없음,8000원
1705369488,멜론주스+바게트버거,메뉴카테고리없음,메뉴설명없음,8500원
1705369488,아메리카노+바게트버거 (ice),메뉴카테고리없음,메뉴설명없음,9000원
1705369488,아메리카노+바게트버거 (hot),메뉴카테고리없음,메뉴설명없음,8500원
1705369488,콜라+바게트버거,메뉴카테고리없음,메뉴설명없음,7500원
1705369488,사이다+바게트버거,메뉴카테고리없음,메뉴설명없음,7500원
1705369488,탄산수+바게트버거,메뉴카테고리없음,메뉴설명없음,7200원
1705369488,망고주스,메뉴카테고리없음,메뉴설명없음,8500원
1705369488,망고+파인,메뉴카테고리없음,메뉴설명없음,7500원
1705369488,망고+바나나,메뉴카테고리없음,메뉴설명없음,7500원
1705369488,바나나+우유,메뉴카테고리없음,메뉴설명없음,5500원
1705369488,자몽,메뉴카테고리없음,메뉴설명없음,6500원
1196809444,물갈비해장국(순한맛/보통맛),대표,메스컴에서(KBS6시내고향MBC)인정한해장국맛집(세계최초물갈비해장국),9000원
1196809444,고기듬뿍 돼지국밥,대표,동물복지국내산목살로삶아잡냄새1도없고콩나물과단백한사골육수끓인해장국,9000원
1196809444,특)물갈비해장국(순한맛/보통맛),대표,메스컴에서(KBS6시내고향MBC)인정한해장국맛집(세계최초물갈비해장국),11000원
1196809444,피순대물갈비해장국,대표,진할머니갈비국밥대표메뉴물갈비해장국과전주남문피순대을섞은해장국,11000원
1196809444,전주물갈비전골,대표,숙성양념갈비+(공기밥보리밥+라면사리+셀프볶음밥)도써비스~^푸짐한전주음식,14000원
1196809444,1인정식(물갈비해장국+떡갈비육전),대표,물갈비해장국과국내산(소고기돼지고기)로만든떢갈비육전,14000원
1196809444,1인정식(물갈비해장국+머리고기편육),대표,물갈비해장국+머리고기편육반접시,14000원
1196809444,1인정식(물갈비해장국+남문피순대),대표,물갈비해장국+남문피순대(진한풍미와쫄깃한식감이특징)이며전주남부시장의맛,15000원
1196809444,피순대국밥,대표,진한풍미와쫄깃한식감피순대과내장을푸짐하게담아콩나물의시원한피순대국밥,9000원
1196809444,특)소내장탕,대표,소곱창깐양을숙성양념하여잡냄새와식감잡아깔끔하고푸짐한소내장탕,9000원
1196809444,사골콩나물해장국,대표,메뉴설명없음,8000원
1196809444,남문피순대 한접시,메뉴카테고리없음,진한풍미와쫄깃한식감이특징이며전주남부시장의맛,10000원
1196809444,떡갈비육전,메뉴카테고리없음,아이들을위한국내산소돼지다양한채소을반죽하여만드는떢갈비,6000원
1196809444,소주/맥주/막걸리 할인판매,메뉴카테고리없음,메뉴설명없음,3000원
1161529397,필터 커피,대표,메뉴설명없음,변동
1161529397,파운드케이크,메뉴카테고리없음,메뉴설명없음,6800원
1161529397,티라미수,메뉴카테고리없음,메뉴설명없음,6800원
1161529397,크림더블샷,메뉴카테고리없음,메뉴설명없음,6000원
1161529397,플랫화이트,메뉴카테고리없음,메뉴설명없음,5000원
1161529397,아메리카노,메뉴카테고리없음,메뉴설명없음,4500원
1161529397,아포카토,메뉴카테고리없음,메뉴설명없음,6000원
1161529397,카페라떼,메뉴카테고리없음,메뉴설명없음,5000원
1161529397,바닐라라떼,메뉴카테고리없음,메뉴설명없음,5500원
1161529397,원두 도소매 납품,메뉴카테고리없음,메뉴설명없음,변동
1161529397,원두 드립백 콜드브루,메뉴카테고리없음,메뉴설명없음,변동
1547379426,생불고기 소,메뉴카테고리없음,생불고기요리,34000원
1547379426,바싹불고기 2인,메뉴카테고리없음,바싹불고기요리,34000원
1547379426,육회(200g),메뉴카테고리없음,메뉴설명없음,35000원
1547379426,생불고기+미니전주비빔밥,메뉴카테고리없음,메뉴설명없음,26000원
1547379426,바싹불고기+미니전주비빔밥,메뉴카테고리없음,메뉴설명없음,26000원
1547379426,바싹불고기+물냉면,메뉴카테고리없음,점심특선,21000원
1547379426,생불고기 중,메뉴카테고리없음,메뉴설명없음,51000원
1547379426,생불고기 대,메뉴카테고리없음,메뉴설명없음,68000원
1547379426,바싹불고기 3인,메뉴카테고리없음,메뉴설명없음,51000원
1547379426,바싹불고기 4인,메뉴카테고리없음,메뉴설명없음,68000원
1547379426,전주비빔밥,메뉴카테고리없음,메뉴설명없음,13000원
1547379426,육회비빔밥,메뉴카테고리없음,메뉴설명없음,16000원
1547379426,물냉면,메뉴카테고리없음,메뉴설명없음,10000원
1547379426,비빔냉면,메뉴카테고리없음,메뉴설명없음,10000원
1988260686,레몬생강차,메뉴카테고리없음,메뉴설명없음,7500원
1988260686,산딸기 수제 요거트,메뉴카테고리없음,메뉴설명없음,7000원
1988260686,아메리카노,메뉴카테고리없음,메뉴설명없음,5500원
1988260686,에스프레소 더블샷,메뉴카테고리없음,메뉴설명없음,5500원
1988260686,카페라떼,메뉴카테고리없음,메뉴설명없음,6500원
1988260686,카라멜마끼아또,메뉴카테고리없음,메뉴설명없음,7500원
1988260686,카푸치노,메뉴카테고리없음,메뉴설명없음,6500원
1988260686,아포가토,메뉴카테고리없음,메뉴설명없음,7500원
1988260686,가나슈딸기초코케이크,메뉴카테고리없음,메뉴설명없음,8800원
1988260686,당근 스퀘어,메뉴카테고리없음,메뉴설명없음,9500원
1988260686,꿀고구마 케이크,메뉴카테고리없음,메뉴설명없음,8800원
1988260686,제리치즈케이크,메뉴카테고리없음,메뉴설명없음,8500원
1988260686,피스타치오 딸기 스퀘어,메뉴카테고리없음,메뉴설명없음,9500원
1988260686,레인보우 크림 케이크,메뉴카테고리없음,메뉴설명없음,9500원
1988260686,흑임자 갸또 케이크,메뉴카테고리없음,메뉴설명없음,9500원
1978054842,육회100g,대표,한우우둔살을직접손질하고관리하여부드럽고합리적인가격에드실수있습니다.,10000원
1978054842,생고기(육사시미) 100g,대표,매주목요일판매합니다.작업장스케줄에따라변경될수있습니다.,15000원
1978054842,점심특선 육회비빔밥,대표,평일점심11:30-14:00주말및공휴일12:00-14:00,8000원
1978054842,점심특선 한우얼큰국밥,대표,평일점시11:30-14:00주말및공휴일12:00-14:00,8000원
1978054842,점심특선 한우육회물회,대표,시원한물회육수와한우육회의만남,13000원
1978054842,한우투뿔안심100g,대표,한우투뿔안심,24000원
1978054842,한우투뿔등심 100g,대표,한우투뿔등심,23000원
1978054842,한우투뿔채끝100g,대표,한우투뿔채끝,24000원
1978054842,선물세트1,메뉴카테고리없음,메뉴설명없음,200000원
1978054842,선물세트2,메뉴카테고리없음,메뉴설명없음,300000원
1674437430,도미 + 광어(모듬),대표,도미+광어를숙성한단품사시미(생선상황에따라변경가능),48000원
1674437430,도미회,메뉴카테고리없음,도미를숙성한단품사시미,35000원
1674437430,히라메 고노와다,메뉴카테고리없음,숙성광어회+해삼내장조합(大中택1),38000원
1674437430,우니,메뉴카테고리없음,김&밥과함께즐기는신선한성개소(100g5.8만원/50g2.9만원),29000원
1674437430,참치 타다끼,메뉴카테고리없음,샐러드&특제소스상큼하고담백한요리,24000원
1674437430,소금육회(200g),메뉴카테고리없음,담백한저염식육회요리,25000원
1674437430,소고기 타다끼,메뉴카테고리없음,부드러운소고기타다끼&일품소스(레어미디움웰던택1),28000원
1674437430,미나리 & 삼겹 볶음,메뉴카테고리없음,메뉴설명없음,25000원
1674437430,장어(한마리) & 다시마끼(계란말이),메뉴카테고리없음,사계특제양념+직화구이,35000원
1674437430,매운 우삼겹 숙주 볶음,메뉴카테고리없음,맵기선택가능가쓰오부시로맛Up술안주최고!,24000원
1674437430,나가사키 짬뽕탕,메뉴카테고리없음,사골육수와다양한해산물의조합(빨간맛\하얀맛택1),24000원
1674437430,백합탕,메뉴카테고리없음,백합의시원함&신선한함을주는깔끔함,28000원
1674437430,굴라쉬(바게트 포함),메뉴카테고리없음,헝가리대표비프슈트요리,28000원
1674437430,바지락 술찜,메뉴카테고리없음,화이트와인과함께쪄낸술찜,24000원
1674437430,어묵탕,메뉴카테고리없음,다시마와가쓰오부시육수로맛을낸나베,24000원
1179533799,전주유일 1인 스키야키 정식(부채살),대표,전주전북어디에도없던메뉴홀로설1인스키야키출시🍲이제는술집말고밥집에서!,12000원
1179533799,꼬치 샤브정식 (담백한 맛),대표,양지(우삼겹)50g🥩야채고기사리면(죽-옵션),9000원
1179533799,꼬치 샤브정식 (얼큰한 맛),대표,양지(우삼겹)50g🥩야채사리면(야채죽-옵션),9000원
1179533799,냉삼구이 정식(한돈 1+등급),대표,한돈의정점1+등급🐖입안에서육즙이팡팡生목살!찌개쌈채소특제파채,10000원
1179533799,냉목살구이 정식 (한돈 1+등급),대표,한돈의정점1+등급🐖도축후빠르게급랭한삼겹살얼큰찌개와다양한야채까지!,9000원
1179533799,목전지 김치찌개 정식,대표,보글보글김치찌개에돼지고기가드음뿍!!,9000원
1179533799,김치말이'냉'국수,대표,잘익은아삭한김치와시원하게숙성된냉육수가어우러져입안가득상큼한풍미🥢,7000원
1179533799,시원~한 REAL 생맥주(300ml),대표,지렸다,3000원
2035360458,모둠(삼겹+천겹+등심덧살),대표,국내산삼겹과고소한천겹부드러운식감의등심덧살로구성된시그니처메뉴(400g),38000원
2035360458,삼겹,대표,고소한맛이일품인국내산삼겹,16000원
2035360458,천겹,대표,서걱서걱씹히는식감이일품인천겹,16000원
2035360458,로스삼겹,대표,떡쌈&치즈구이와삼합으로드시는것을추천드립니다,16000원
2035360458,돌판짜파게티,대표,체다치즈&후라이를추가하면더욱맛있게즐기실수있습니다,6500원
2035360458,석암볶음밥,대표,눈꽃치즈&후라이를추가하면더욱맛있게즐기실수있습니다,5000원
2035360458,한우 차돌박이(1++),메뉴카테고리없음,고소한맛이일품인한우차돌박이,25000원
2035360458,해물된장찌개,메뉴카테고리없음,메뉴설명없음,6500원
2035360458,치즈된장술밥,메뉴카테고리없음,메뉴설명없음,7000원
2035360458,김치찌개,메뉴카테고리없음,메뉴설명없음,7000원
2035360458,물냉면,메뉴카테고리없음,메뉴설명없음,6500원
2035360458,비빔냉면,메뉴카테고리없음,메뉴설명없음,6500원
2035360458,명란계란탕,메뉴카테고리없음,메뉴설명없음,6000원
2035360458,생미나리,메뉴카테고리없음,메뉴설명없음,5000원
2035360458,묵사발,메뉴카테고리없음,메뉴설명없음,4000원
2050064407,포크텐더 플래터,메뉴카테고리없음,포크텐더+그릴배지2가지+스프+빵+당근라페그린샐러드후무스바질토마토쿠스쿠스,17500원
2050064407,치킨브레스트 플래터,메뉴카테고리없음,치킨브레스트+그릴배지2가지+스프+빵+당근라페그린샐러드후무스바질토마토쿠스쿠스,17500원
2050064407,칠리쉬림프 플레터,메뉴카테고리없음,칠리쉬림프+그릴배지2가지+스프+빵+당근라페그린샐러드후무스바질토마토쿠스쿠스,17500원
2050064407,스모크 머쉬룸 플레터,메뉴카테고리없음,스모크머쉬룸+그릴배지2가지+스프+빵+당근라페그린샐러드후무스바질토마토쿠스쿠스,16500원
2050064407,스모크 살몬 플레터,메뉴카테고리없음,스모크살몬+그릴배지2가지+스프+빵+당근라페그린샐러드후무스바질토마토쿠스쿠스,18500원
2050064407,프로틴 두부 플레터,메뉴카테고리없음,프로틴두부+그릴배지2가지+스프+빵+당근라페그린샐러드후무스바질토마토쿠스쿠스,16500원
2050064407,올리빈 샐러드,메뉴카테고리없음,그린샐러드방울토마토후무스쿠스쿠스당근라페페타치즈올리브어니언칩오이,8500원
2050064407,포크텐더 샐러드,메뉴카테고리없음,포크텐더+그린샐러드방울토마토후무스쿠스쿠스당근라페페타치즈올리브어니언칩오이,11500원
2050064407,치킨브레스트 샐러드,메뉴카테고리없음,치킨브레스트+그린샐러드방울토마토후무스쿠스쿠스당근라페페타치즈올리브어니언칩오이,11500원
2050064407,칠리쉬림프 샐러드,메뉴카테고리없음,칠리쉬림프+그린샐러드방울토마토후무스쿠스쿠스당근라페페타치즈올리브어니언칩오이,12500원
2050064407,스모크 살몬 샐러드,메뉴카테고리없음,스모크살몬+그린샐러드방울토마토후무스쿠스쿠스당근라페페타치즈올리브어니언칩오이,12500원
2050064407,스모크 머쉬룸 샐러드,메뉴카테고리없음,스모크머쉬룸+그린샐러드방울토마토후무스쿠스쿠스당근라페페타치즈올리브어니언칩오이,10500원
2050064407,두부 아보카도 샐러드,메뉴카테고리없음,두부아보카도+그린샐러드방울토마토후무스쿠스쿠스당근라페페타치즈올리브어니언칩오이,11500원
2050064407,츨브르(터키쉬에그),메뉴카테고리없음,부드러운수란과상큼한그릭요거트향긋한칠리허브오일이곁들여먹는터키쉬에그,12500원
2050064407,올리빈 도우번 샌드위치,메뉴카테고리없음,쫄깃한도우번에지중해재료를듬뿍채우고올리브오일향을더한샌드위치(메인토핑택1),8800원
2040733389,타베호다이A코스(무한리필)+사이드무한,대표,12종무한리필(한우대창드래곤양념갈매기살돈설삼겹살돼지목살닭목살등),24800원
2040733389,타베호다이B코스(무한리필)+사이드무한,대표,21종무한리필(A코스+돈설뒷고기소대창소막창돼지곱창와규함바그등),29800원
2040733389,타베호다이C코스(무한리필)+사이드무한,대표,29종무한리필(B코스+우설와규야키스키와규불고기와규양념구이와규곱창등),34800원
2040733389,노미호다이(주류무제한),대표,주문하신음료를다드신후주문가능인원수에맞게주문해주셔야무제한제공가능합니다,16800원
2040733389,사이드 메뉴 무한리필(코스주문시무료),메뉴카테고리없음,각종라면우동밥덮밥계란찜샐러드튀김아이스크림등,변동
2040733389,하이볼 10종,메뉴카테고리없음,진저/얼그레이/허니레몬/자몽/복숭아/산토리7900/오미자/매실/토마토/유자/그린애플,6900원
2040733389,사와 8종,메뉴카테고리없음,레몬허니레몬그린애플자몽유자토마토오미자매실,6900원
2040733389,에이드 8종,메뉴카테고리없음,유자그린애플복숭아레몬허니레몬허니자몽오미자매실,3900원
2040733389,소주,메뉴카테고리없음,처음처럼참이슬진로새로등,5000원
2040733389,맥주,메뉴카테고리없음,테라테라생맥주카스,5000원
2040733389,도쿠리 300ml,메뉴카테고리없음,제공사케는유통상황에따라달라지니직원을통해문의부탁드립니다.,9800원
2040733389,모구모구,메뉴카테고리없음,세계적으로가장사랑받는코코넛젤리음료(사과수박복숭아레몬망고),2500원
2040733389,음료 2000원,메뉴카테고리없음,메뉴설명없음,2000원
2040733389,와인 200ml - 레드 화이트,메뉴카테고리없음,메뉴설명없음,3500원
2040733389,우롱차,메뉴카테고리없음,메뉴설명없음,3500원
1658039837,달빛 반상(평일점심특선),메뉴카테고리없음,프리미엄고등어구이와새콤한주꾸미무침의만남입안가득풍성한달빛고1인반상메뉴,14500원
1658039837,달빛 반상 (1인),메뉴카테고리없음,프리미엄고등어구이와새콤한주꾸미무침의만남입안가득풍성한달빛고1인반상메뉴,15000원
1658039837,보름 한상 (2인),메뉴카테고리없음,대표생선구이2종과고추장불고기가함께든든하게즐길수있는달빛고2인한상메뉴,32000원
1658039837,모듬구이 2인,메뉴카테고리없음,대표생선구이4종그리고새우장및후식메뉴,39000원
1658039837,모듬구이 3인,메뉴카테고리없음,대표생선구이4종그리고조림or불고기새우장및후식메뉴,53000원
1658039837,모듬구이 4인,메뉴카테고리없음,대표생선구이5종그리고조림or불고기새우장및후식메뉴,72000원
1658039837,고등어구이 (반마리),메뉴카테고리없음,건강한오메가3지방산과단백질이풍부한노르웨이산고등어(한마리변경+3000원),12500원
1658039837,삼치구이 (반마리),메뉴카테고리없음,담백한맛과푸짐한크기를자랑하는국내산최상급삼치(한마리변경+4000원),12500원
1658039837,임연수구이,메뉴카테고리없음,겉은바삭속은부드러운아미노산이풍부한생선구이,17000원
1658039837,볼락구이,메뉴카테고리없음,건강한면역균형에도움을주는저열량고단백생선구이,17000원
1658039837,갈치구이,메뉴카테고리없음,입안가득풍성한맛으로극찬받는인기생선구이,21000원
1658039837,보리 굴비구이,메뉴카테고리없음,예로부터기력회복에탁월한보양생선구이,25000원
1658039837,뚝배기 고등어 조림,메뉴카테고리없음,잘손질한고등어와시원한무를깊고진하게조린별미,14000원
1658039837,석쇠 고추장 불고기,메뉴카테고리없음,국내산돼지고기에특제소스로맛을입힌양념불고기,14000원
1658039837,소뚝불고기,메뉴카테고리없음,수제간장소스로부드럽게숙성한영양식,15500원
35262409,낙지볶음(비 조리 공기밥별도)(대),대표,낙지야채소스,72000원
35262409,낙지볶음(비 조리 공기밥별도)(중),대표,낙지야채소스,54000원
35262409,낙지볶음(비 조리 공기밥별도)(소),대표,낙지야채소스,37000원
35262409,낙지볶음(공기밥 별도)(대),대표,생으로포장시메모남겨주세요.,72000원
35262409,낙지볶음(공기밥 별도)(중),대표,생으로포장시메모남겨주세요.,54000원
2092423541,소금빵,대표,시오베이커리시그니처플레인소금빵,2900원
2092423541,왁뿌 소금빵,메뉴카테고리없음,생망고와요거트크림이가득들어간왁뿌소금빵,6900원
2092423541,전주소금빵 4set,메뉴카테고리없음,시오베이커리시그니처전주소금빵4개set,9900원
2092423541,어니언 명란 소금빵,메뉴카테고리없음,명란을가득넣어풍미가좋은소금빵,3800원
2092423541,우유크림 소금빵,메뉴카테고리없음,마스카포네와달콤한크림이들어간우유크림소금,3800원
2092423541,퇴근 소금빵,메뉴카테고리없음,저녁6시에구워져나오는따끈따끈한소금빵!퇴근하는직장인도따듯한소금빵을먹는다!,2900원
2092423541,퇴근소금빵 4set,메뉴카테고리없음,저녁6시에구워져나오는따끈따끈한소금빵!퇴근하는직장인도따듯한소금빵을먹는다!,9900원
2092423541,꾸덕 초코 소금빵,메뉴카테고리없음,초콜릿과생크림을섞은가나슈가들어간소금빵,3800원
2092423541,에그마요 소금빵,메뉴카테고리없음,담백한에그마요소금빵,3800원
2092423541,대파크림치즈 소금빵,메뉴카테고리없음,알싸한대파와부드러운달콤한크림치즈를더한소금빵,3800원
2092423541,카스테라 소금빵,메뉴카테고리없음,부드러운카스테라토핑을더해달콤하고폭신하게즐기는소금빵,3800원
2092423541,앙버터 소금빵,메뉴카테고리없음,달콤한저당팥앙금과고소한버터를넣어풍성하게즐기는소금빵,3800원
2092423541,카야버터 소금빵,메뉴카테고리없음,부드러운카야잼과버터가어우러진달콤한소금빵,4400원
2092423541,마늘크림치즈 소금빵,메뉴카테고리없음,진한갈릭풍미와크림치즈의부드러움이어우러진소금빵,4400원
2092423541,소세지 피자빵,메뉴카테고리없음,토핑가득소세지피자빵,4400원
1767903379,냉소바(생면),대표,고소한메밀면에진담특제가쓰오간장육수를담아내는일본정통메밀소바입니다.,10000원
1767903379,주문1위 오야꼬동,대표,신선한닭다리살을특제소스에맛있게졸여계란과함께먹는닭다리살덮밥입니다.,12000원
1767903379,고기듬뿍규동,대표,소고기에양파와함께달게끓인재료를밥위에올려먹는일본대표덮밥요리,12000원
1767903379,산더미 가라아게동,대표,신선하고부드러운닭다리살을크리스피하게튀겨내어매콤한소스와갈릭디핑소스가뿌려진덮밥,14000원
1767903379,곤부즈메 생연어덮밥(10그릇한정),대표,신선한노르웨이산생연어를천일염과다시마로숙성시킨후생와사비특제소스와먹는덮밥,17500원
1767903379,한돈등심 가츠동,대표,부드러운등심돈가츠와양파가진담특제소스와만나단짠가츠동이되었습니다.,12000원
1767903379,나고야마제소바,대표,채소와고기고명을듬뿍얹은일본식비빔면.면을다드신후남은소스에밥비벼드세요,11000원
1767903379,(시즌메뉴)연어깍두기덮밥,메뉴카테고리없음,슈페리어등급의생연어를깍둑썰어스리라차마요와날치알에버무려덮밥으로드실수있는메뉴,17500원
1767903379,냉소바+한돈등심카츠,메뉴카테고리없음,가쓰오진한냉소바와한돈등심카츠세트메뉴입니다.,14900원
1767903379,마제소바+한돈등심카츠,메뉴카테고리없음,마제소바와한돈등심카츠130g세트메뉴입니다.,15900원
1767903379,미니냉소바,메뉴카테고리없음,메뉴설명없음,4500원
1767903379,타코야끼8p,메뉴카테고리없음,메뉴설명없음,5500원
1767903379,한돈등심카츠 130g,메뉴카테고리없음,메뉴설명없음,5500원
1767903379,가라아게 5p,메뉴카테고리없음,메뉴설명없음,5500원
1954251906,몽유도 2인세트,메뉴카테고리없음,메뉴설명없음,43000원
1954251906,몽유도 3~4인세트,메뉴카테고리없음,메뉴설명없음,68000원
1954251906,뼈대삼겹 250g,메뉴카테고리없음,메뉴설명없음,17000원
1954251906,저온숙성삼겹,메뉴카테고리없음,메뉴설명없음,16000원
1954251906,저온숙성목살,메뉴카테고리없음,메뉴설명없음,16000원
1954251906,이베리코 항정살,메뉴카테고리없음,메뉴설명없음,15000원
1954251906,이베리코늑간살,메뉴카테고리없음,메뉴설명없음,15000원
1954251906,특목살 김치찌개,메뉴카테고리없음,메뉴설명없음,7000원
1954251906,물냉면 / 비빔냉면,메뉴카테고리없음,메뉴설명없음,6000원
1954251906,솥판볶음밥(2인이상),메뉴카테고리없음,메뉴설명없음,3000원
1954251906,계란찜,메뉴카테고리없음,메뉴설명없음,3000원
1027304409,OTC SET,대표,시나몬츄러스5개+초코소스+아메리카노2잔,16000원
1027304409,혼합츄러스,대표,(시나몬3+오레오2/시나몬3+인절미2/시나몬3+오레오1+인절미1)중택1,9000원
1027304409,오츄로,대표,메뉴설명없음,8500원
1027304409,원츄로,대표,메뉴설명없음,3800원
1027304409,카라멜팝콘(Regular),메뉴카테고리없음,메뉴설명없음,4000원
1027304409,카라멜팝콘(Large),메뉴카테고리없음,메뉴설명없음,8000원
1027304409,젤라츄러스,메뉴카테고리없음,메뉴설명없음,7500원
1027304409,말차피스타치오(말차아포카토),메뉴카테고리없음,메뉴설명없음,6500원
1027304409,체리에이드,메뉴카테고리없음,메뉴설명없음,7000원
1027304409,허니시나몬(Only Ice),메뉴카테고리없음,메뉴설명없음,6000원
1027304409,오티씨라떼(Only Ice),메뉴카테고리없음,메뉴설명없음,6500원
1027304409,에스프레소,메뉴카테고리없음,메뉴설명없음,4000원
1027304409,아메리카노(Ice),메뉴카테고리없음,메뉴설명없음,4500원
1027304409,민트커피,메뉴카테고리없음,메뉴설명없음,5500원
1027304409,아메리카노(Hot),메뉴카테고리없음,메뉴설명없음,4500원
2077158695,플레인 소금빵,대표,바닥은바삭하면서속은촉촉한소프트소금빵,2900원
2077158695,우유크림 소금빵,메뉴카테고리없음,진한우유크림이필링되어있는풍미가득한소금빵,3800원
2077158695,에그마요 소금빵,메뉴카테고리없음,고소한소금빵속에부드럽고담백한에그마요가가득들어간소금빵,4500원
2077158695,갈릭버터 소금빵,메뉴카테고리없음,풍미가득한갈릭버터의감칠맛이환상적인소금빵,4500원
2077158695,소보로팥 소금빵,메뉴카테고리없음,바삭한소보로와달콤한팥앙금이환상적인소금빵,4600원
2077158695,화이트롤 소금빵,메뉴카테고리없음,부드러운크림이필링된소금빵위에달콤한카스테라가루를입힌포근한소금빵,4600원
2077158695,라우겐소시지 소금빵,메뉴카테고리없음,고소한버터동굴속에쏙들어간소시지소금빵,4600원
2077158695,라우겐쪽파크림 소금빵,메뉴카테고리없음,향긋한쪽파와진한크림치즈가가득들어간소금빵,4800원
2077158695,명란마요 소금빵,메뉴카테고리없음,짭조름한명란마요와버터동굴속치즈가킥인소금빵,4800원
2077158695,트러플 소금빵,메뉴카테고리없음,고소한버터향위로진한트러플의풍미가더해진소금빵,4800원
2077158695,감자치즈 소금빵,메뉴카테고리없음,포슬포슬한감자무스와짭조름한체다치즈가조화로운소금빵,4800원
2077158695,딥브라우니초코 소금빵,메뉴카테고리없음,버터동굴속꾸덕한브라우니와진한초코가매력적인단짠소금빵,5000원
2077158695,아메리카노,메뉴카테고리없음,메뉴설명없음,3000원
2077158695,라떼,메뉴카테고리없음,메뉴설명없음,4000원
2077158695,바닐라 라떼,메뉴카테고리없음,메뉴설명없음,4500원
1119515452,프렌치 랙(180g),대표,생갈비의아래쪽에위치하여한결더부드럽고담백한식감이일품인프리미엄급갈비입니다,25000원
1119515452,양 생갈비(숄더랙)(200g),대표,대표메뉴로앞다리와연결된고급갈비부위로육즙과식감이압도적입니다,23000원
1119515452,양등심(200g),메뉴카테고리없음,어린양의등심부위를사용하여육즙이부드럽고감칠맛이일품입니다,23000원
1119515452,생갈빗살(갈빗살:200g),메뉴카테고리없음,양의늑간살중최고급부위를선별하여풍부한육즙과식감이일품입니다,20000원
1119515452,양 소금양념구이(갈빗살:200g),메뉴카테고리없음,양의늑간살중최고급부위를선별하여풍부한육즙과식감이일품입니다,18000원
1119515452,양꼬치(10꼬치),메뉴카테고리없음,양의늑간살부위며지방이적고육즙과식감이일품입니다,18000원
1119515452,바지락 짬뽕,메뉴카테고리없음,바지락과해물야채등을센불에볶은후특제소스로우려내어면없이도시원하고깊은맛,23000원
1119515452,해물누룽지탕,메뉴카테고리없음,불맛이일품인해물누룽지탕입니다,22000원
1119515452,가지튀김,메뉴카테고리없음,신선한가지에다진고기와야채등을넣어튀겨낸이국적이면서친근감있는맛,20000원
1119515452,새우튀김,메뉴카테고리없음,신선한새우살로채워진새우튀김입니다,20000원
1119515452,강된장밥,메뉴카테고리없음,시골집된장의강된장입니다,8000원
1119515452,양 철판볶음밥,메뉴카테고리없음,양고기와야채을양철판에쎈불에볶음,8000원
1119515452,옥수수 냉면,메뉴카테고리없음,순옥수수가루로만든냉면입니다,8000원
1119515452,숙주볶음면,메뉴카테고리없음,죽주와특제소스로센불에볶아깊은맛이인상적입니다,8000원
1119515452,마늘꼬치(3꼬치),메뉴카테고리없음,메뉴설명없음,2000원
1651846978,마르게리따 부팔라,대표,토마토소스버팔로모짜렐라그라노파다노바질엑스트라버진,21000원
1651846978,마르게리따 리코타,대표,토마토소스버팔로모짜렐라그라노파다노바질엑스트라버진리코타,23000원
1651846978,라자냐,대표,클레식한라구소스와부팔라모짜렐라프로볼로네치즈베샤멜소스,23000원
1651846978,비스마르크,대표,리코타트러플오일버팔로모짜렐라프로슈토꼬또햄프로볼로네바질계란,26000원
1651846978,깔조네,대표,리코타프롶슈토꼬또햄라구소스버팔로모짜렐라프로볼로네그라노파다노바질,25000원
1582706255,슈바인학센,대표,메뉴설명없음,28000원
1582706255,에이트피자,대표,에이트플로어에서만맛볼수있는8가지종류의치즈가들어간피자,21000원
1582706255,스파이시 감바스,대표,새우와마늘을주재료로한스페인요리로한국인입맛에맞게좀더매콤하게만든감바스,21000원
1582706255,카이피리냐,대표,브라질대표칵테일로캬샤사를베이스로달달함과라임의상큼함을즐길수있는칵테일,10000원
1582706255,프로즌,대표,라임의상큼함과복숭아코코넛의달달함이어우러진에이트플로어에서만맛볼수있는칵테일,11000원
1582706255,학센 세트,메뉴카테고리없음,※PM19:30까지만판매학센1+파스타1or피자1+샐러드1+음료2잔,60000원
1582706255,슈림프 크림스튜,메뉴카테고리없음,※PM19:30까지만판매카차토레1+파스타1or피자1+샐러드1+음료2잔,58000원
1582706255,감바스 세트,메뉴카테고리없음,※PM19:30까지만판매감바스1+파스타1or피자1+샐러드1+음료2잔,50000원
1582706255,파스타 세트,메뉴카테고리없음,※PM19:30까지만판매파스타1+피자1+샐러드1+음료2잔구성,50000원
1582706255,치즈&과일 플레이트,메뉴카테고리없음,각종치즈4~5종과일4~5종이제공됩니다.계절에따라구성이달라질수있습니다,25000원
1582706255,크림치즈 보드,메뉴카테고리없음,대파크림치즈블루베리크림치즈크림치즈3종을카나페로즐기실수있게제공됩니다,17000원
1582706255,과일 치즈 플레이트,메뉴카테고리없음,약간의과일들과과일치즈를같이즐길수있는메뉴,17000원
1582706255,크림파스타,메뉴카테고리없음,진한생크림베이스로새우루꼴라와같이먹을수있는파스타,16000원
1582706255,로제크림파스타,메뉴카테고리없음,생크림베이스에토마토소스를추가해한층더부드럽게즐길수있는파스타,17000원
1582706255,바질크림파스타,메뉴카테고리없음,생크림베이스에바질페이스트를추가해한층더부드럽게즐길수있는파스타,17000원
1881842274,제빵 디저트,대표,메뉴설명없음,변동
1881842274,에스프레소,메뉴카테고리없음,메뉴설명없음,3800원
1881842274,아메리카노,메뉴카테고리없음,메뉴설명없음,4000원
1881842274,카페라떼,메뉴카테고리없음,메뉴설명없음,4500원
1881842274,카푸치노,메뉴카테고리없음,메뉴설명없음,4500원
1881842274,카페모카,메뉴카테고리없음,메뉴설명없음,5000원
2046308559,성산 국내산 白돗주먹 목살 200g,대표,두툼하게즐기는촉촉한육즙국내산특목살주먹구이,14900원
2046308559,72시간 청귤 숙성 제주 白오겹살,대표,제주산돼지고기기본을가장맛있게느낄수있는성산제줏간대표시그니처메뉴,16900원
2046308559,성산 활화산 볶음밥,메뉴카테고리없음,불맛이살아있는성산처럼강렬한시그니처볶음밥,7900원
2046308559,이호테우 해변 전복 크림리조또,메뉴카테고리없음,전복의깊은풍미와크림의부드러움이어우러진제주식리조또,9900원
2046308559,애월 한근 2~3인 세트 600g,메뉴카테고리없음,돗주먹구이(특목살)+천겹항정살+특상가브리살+생갈비+김치전골or껍데기,49800원
2046308559,성산 용두암 세트 600g,메뉴카테고리없음,삼겹살+돗주먹구이(특목살)+성산제주흑돼지김치전골or성산두툼껍데기,53800원
2046308559,우도 게딱지 볶음밥,메뉴카테고리없음,고소한게내장풍미가살아있는우도식게딱지볶음밥,9900원
2046308559,애월 열무 물냉면,메뉴카테고리없음,아삭한열무와시원한육수의조합고기후딱좋은마무리냉면,5900원
2046308559,용두암 우렁 한우 된장술밥,메뉴카테고리없음,우렁과한우를더해깊고구수한제주식된장술밥,6900원
2046308559,서귀포 고사리 열무비빔밥,메뉴카테고리없음,고사리의향과열무의상큼함이어우러진제주식비빔밥,5900원
2046308559,제주촌 새콤달콤 비빔쫄면,메뉴카테고리없음,새콤달콤한양념과쫄깃한면발고기와찰떡인비빔쫄면,5900원
2046308559,성산 국내산 生갈비살 180g,메뉴카테고리없음,국내산생갈비살을양념없이즐기는메뉴로부드러운식감과진한육즙이살아있는고기,14900원
2046308559,성산 국내산 돗삼겹살 180g,메뉴카테고리없음,두툼한두께에서살아나는육즙국내산돗삼겹살의진한맛,15900원
2046308559,우도 한근반 3~4인 세트 900g,메뉴카테고리없음,돗주먹구이+돗삼겹살+천겹항정살+특상가브리살+생갈비+김치전골or껍데기,68800원
2046308559,성산 국내산 돗갈매기살 180g,메뉴카테고리없음,담백한육즙과쫄깃한식감이살아있는국내산돗갈매기살,15900원
1517836857,명품 규카츠(표준),대표,최고급채끝살로저온숙성하여맛있게튀겨낸일본요리,15000원
1517836857,명품니꾸(표준),대표,고급소고기를스테이크식으로익혀낸야끼니꾸스타일로구워먹는메뉴,15000원
1517836857,명품 스테키동,대표,고급소고기를특제소스와야채와먹는일본식덮밥,14000원
1517836857,명품 규카츠동,대표,규카츠를특제소스와야채와곁들여비벼먹는일본식덮밥,15000원
1517836857,명품 규카츠(점보),대표,규카츠점보사이즈,20000원
1517836857,명품 규카츠(더블),대표,규카츠더블사이즈,25000원
1517836857,명품 니꾸(더블),대표,니꾸더블사이즈,25000원
1517836857,니꾸 우동,메뉴카테고리없음,고급채끝소고기가올라간가다랑어육수베이스의고기우동,12000원
1517836857,구워먹는 임실치즈(최고품질),메뉴카테고리없음,메뉴설명없음,2000원
1517836857,아지타마고(반숙계란장),메뉴카테고리없음,메뉴설명없음,1000원
1517836857,새우튀김,메뉴카테고리없음,메뉴설명없음,3000원
1517836857,생맥주 300,메뉴카테고리없음,메뉴설명없음,3000원
1517836857,생맥주 500,메뉴카테고리없음,메뉴설명없음,4500원
1517836857,산토리 하이볼,메뉴카테고리없음,일반/블루레몬/자몽/청포도/애플망고,6000원
1517836857,음료(콜라/사이다/제로콜라/환타),메뉴카테고리없음,메뉴설명없음,2000원
1681529226,레스큐어버터 소금빵,대표,메뉴설명없음,3000원
1681529226,두바이 크루아상,대표,100퍼센프카다이프를사용한두바이크로와상,6800원
1681529226,오리지널크루아상,대표,레스큐어버터와프랑스밀을이용한풍미깊고바삭한크로아상,4500원
1681529226,프랭크커피,대표,라떼베이스의크림커피프랭크커핀바의시그니처NO.1,6000원
1681529226,바닐라팡스위스,대표,바닐라커스터드크림초콜릿칩이들어간바삭한페스츄리,5500원
1681529226,티슈브레드,대표,뜯어서먹는식빵티슈브레드,7000원
1681529226,딸기 대니쉬,대표,메뉴설명없음,6500원
1681529226,딸기 크로플,대표,딸기크로플은겨울시즌메뉴로겨울에만시즌판매합니다!,14000원
1681529226,레몬샤베트에이드,대표,상큼한라임베이스에시원한레몬샤베트가올려진여름메뉴,7000원
1681529226,카페 콘파나,대표,에스프레소콘파냐크림,3500원
1681529226,치즈크로플,대표,크로플아이스크림치즈,9000원
1681529226,명란마요소금빵,메뉴카테고리없음,메뉴설명없음,3800원
1681529226,피스타치오 퀸아망,메뉴카테고리없음,피스타치오글레이즈드피스타치오분태딸기분태,4200원
1681529226,에그타르트,메뉴카테고리없음,한입베어물면바삭함이터지는에그타르트,2800원
1681529226,바닐라크러핀,메뉴카테고리없음,프랑스밀레스큐어버터커스터드크림,5500원
2000922127,[하와이안] 생 파인 씨푸드 라이스,메뉴카테고리없음,오직!당도높은생파인애플과각종해산물을볶아비주얼과맛을동시에잡은하와인볶음밥,16900원
2000922127,[알싸한] 갈릭 쉬림프 라이스,메뉴카테고리없음,탱글한새우와알싸한마늘을듬뿍넣고불맛가득볶아낸한국인러버볶음밥,15900원
2000922127,[담백한] 게살 라이스,메뉴카테고리없음,게살크래미를듬뿍넣어부들부들한식감을즐길수있는볶음밥.어린아이추천,14900원
2000922127,[새콤달콤] 직화 불고기 분짜,메뉴카테고리없음,불향가득직화불고기와야채춘권몸에좋은신선한샐러드를면과함께싸먹는요리,17900원
2000922127,[타이로컬푸드] 쉬림프 팟타이,메뉴카테고리없음,태국에서자국민을위해만든태국길거리대표음식팟타이.통통한새우와야채가득,15900원
2000922127,[담백가득] 우삼겹 양지 쌀국수,메뉴카테고리없음,야들야들한우삼겹양지를넣어맑지만깊은맛이일품인쌀국.얇은고기러버분에게추천,11500원
2000922127,[불맛가득] 직화 불고기 쌀국수,메뉴카테고리없음,주문즉시불고기를불향가득입혀쌀국수위에올린후한번더직화로불을입힌쌀국,10500원
2000922127,[프리미엄] 아롱사태 쌀국수,메뉴카테고리없음,매일아침장시간조리해잇몸으로씹을수있는엑셀초이스등급의아롱사태쌀국수,13900원
1444733898,하남부추 불대창 검단산라멘,대표,알싸한부추와불대창(200g)이추가되어하남명소검단산을나타낸매운라멘,17000원
1444733898,[멘야케이만의]전주불콩나물 모악산라멘,대표,아삭한콩나물과차슈가추가되어전주명소모악산을나타낸매운라멘,16000원
1444733898,[멘야케이만의]전주콩나물모악산라멘,대표,아삭한콩나물과차슈가추가되어전주명소모악산을나타낸라멘,15000원
1444733898,빗꾸리辛카라마제멘,대표,면고기채소계란에멘야케이의'특제양념소스'를더한일식마제소바,12000원
1444733898,[NO.1 매운돈코츠] 신케이MAX멘,대표,전주비주얼건강까지모두담은매운해장끝판왕라멘해장맛집으로오세요,14500원
1444733898,[풀토핑 NO.1라멘]케이MAX멘,메뉴카테고리없음,풀토핑도쿄식쇼유돈코츠라멘,13500원
1444733898,[찍어먹는 매운라멘]카라츠케MAX멘,메뉴카테고리없음,매콤한소스에차가운면을찍어먹는풀토핑라멘,15500원
1444733898,[찍어먹는 라멘]와후츠케MAX멘,메뉴카테고리없음,감칠맛넘치는소스에차가운면을찍어먹는풀토핑라멘,15500원
1444733898,[도쿄식 쇼유 돈코츠] 케이라멘,메뉴카테고리없음,전주노포느낌물씬나는분위기에서연인과즐거운데이트즐기면서먹는쇼유돈코츠라멘,10000원
1444733898,[NO.1 매운돈코츠] 신케이라멘,메뉴카테고리없음,매운도쿄식쇼유돈코츠라멘,11000원
1444733898,시로네기 차슈멘,메뉴카테고리없음,흰파/파란파위에특제소스차슈가추가된라멘,11500원
1444733898,[찍어먹는 라멘]와후츠케멘,메뉴카테고리없음,감칠맛넘치는소스에차가운면을찍어먹는라멘,12000원
1444733898,[찍어먹는 매운라멘] 카라츠케멘,메뉴카테고리없음,전주현지인인정한찐로컬맛집매콤한육수에차가운면을찍어먹는풀토핑라멘,12000원
1444733898,미니차슈동,메뉴카테고리없음,라멘과함께곁들일수있는차슈덮밥,4000원
1444733898,[사이드 NO.1]미니마요동,메뉴카테고리없음,미니차슈동위에특제마요네즈가뿌려진차슈덮밥,4500원
1308357339,수제 돼지갈비,대표,27년장인의특허받은레시피와최고급간장으로맛을낸수제돼지갈비입니다.,18000원
1308357339,수제 소 양념갈비,대표,깊고진한풍미의신선한소양념갈비.최고급간장으로맛을냈습니다.,38000원
1308357339,수제 LA갈비,대표,27년장인의레시피최고급간장으로맛을낸수제LA갈비입니다.,31000원
1308357339,함흥 물냉면,대표,자가제면함흥냉면가게에서직접반죽하여기계로뽑아내어육수부터다대기면직접만듭니다.,9000원
1308357339,함흥 비빔냉면,대표,자가제면함흥냉면직접반죽한면을기계로뽑아내어육수부터다대기면직접만듭니다.,9000원
1308357339,숯불 삼겹살,메뉴카테고리없음,무항생제국내산시골돼지만을사용하여더욱고소한삼겹살,19000원
1308357339,한우 꽃등심,메뉴카테고리없음,마블링이좋고퀄리티가높은한우꽃등심을드실수있습니다.1+이상한우만취급합니다.,37000원
1308357339,한우육회,메뉴카테고리없음,신선한한우로먹는솔가만의특별한한우육회,22000원
1308357339,전통 갈비탕,메뉴카테고리없음,정성과시간으로푹고아끓인전통갈비탕,13000원
1308357339,갈비 해장국,메뉴카테고리없음,맛있는갈비에속이시원하게풀리는해장국의깊은맛,13000원
1308357339,해장국,메뉴카테고리없음,술안주로도탁월한얼큰해장국,8000원
1308357339,육회비빔밥,메뉴카테고리없음,신선한육회와매일들여오는싱싱한야채비법양념으로맛을낸육회비빔밥(오후3시까지가능),13000원
1308357339,누룽지,메뉴카테고리없음,고기먹은후후식으로즐기는속이편한누룽지(15분소요),4000원
1308357339,공기밥,메뉴카테고리없음,갈비와찰떡궁합인따끈한공기밥!든든한식사를위해좋은쌀로정성껏준비했습니다,1000원
1308357339,점심 특선 - 수제 소 양념갈비,메뉴카테고리없음,오전11시~오후3시(주말공휴일제외),36000원
1497463405,삼겹살,대표,메뉴설명없음,변동
1497463405,숙성삼겹살,메뉴카테고리없음,메뉴설명없음,변동
34016552,바게뜨,대표,프랑스대표빵으로밀가루물소금만으로만들어진다크럼은프랑스밀게랑드소금을사용.,3000원
34016552,크루아상,대표,메뉴설명없음,3000원
34016552,소금빵,대표,빵표면에소금을뿌려가염버터의고소한짠맛이강조되는빵,2500원
34016552,치아바타,메뉴카테고리없음,메뉴설명없음,2500원
34016552,올리브치아바타,메뉴카테고리없음,메뉴설명없음,2800원
34016552,치즈치아바타,메뉴카테고리없음,메뉴설명없음,3200원
34016552,무화과 크림치즈 호밀빵,메뉴카테고리없음,메뉴설명없음,6000원
34016552,뺑오쇼콜라,메뉴카테고리없음,메뉴설명없음,4000원
34016552,소시지페스츄리,메뉴카테고리없음,메뉴설명없음,3000원
34016552,명란포카치아,메뉴카테고리없음,메뉴설명없음,2500원
34016552,브리오슈,메뉴카테고리없음,메뉴설명없음,3000원
34016552,퀸아망,메뉴카테고리없음,메뉴설명없음,4000원
34016552,휘낭시에,메뉴카테고리없음,발로나초코스틱무화과크림치즈두종류있어요,2500원
34016552,르뱅쿠키,메뉴카테고리없음,메뉴설명없음,3000원
34016552,갈레트부르통,메뉴카테고리없음,앵커버터의향미와게랑드소금이살짝씹히는부드러운프랑스정통쿠키,2000원
1559037357,로스카츠,대표,메뉴설명없음,13000원
1559037357,히레카츠,대표,메뉴설명없음,14000원
1559037357,사사미카츠,메뉴카테고리없음,닭가슴살(130g)+히레카츠(안심)70g,13000원
1559037357,에비카츠,메뉴카테고리없음,에비카츠(새우카츠)+히레카츠(안심)70g,13000원
1559037357,모듬카츠,메뉴카테고리없음,메뉴설명없음,15000원
2097209094,[신메뉴]명란네기도로초밥,대표,톡쏘는명란의감칠맛과다진참치의부드러움이어우러진진한풍미의초밥,1990원
2097209094,[신메뉴]시메사바불초밥,대표,식초에절인고등어를직화로구워내비린맛없이깊고고소한맛이일품,1990원
2097209094,[신메뉴]가지튀김초밥,대표,겉은바삭속은촉촉한가지튀김위에고소한토핑을더한색다른채식초밥,1990원
2097209094,[신메뉴]연어유자트러플초밥,대표,부드러운연어에유자의상큼함과트러플오일의진한향을더한프리미엄메뉴,1990원
2097209094,[신메뉴]와규스테이크불초밥,대표,직화로구운와규스테이크를올려풍부한육즙과불향을그대로살린고급초밥,1990원
2097209094,[신메뉴]와규트러플바질타다끼초밥,대표,향긋한바질과트러플부드러운와규타다끼가어우러진풍미가득한메뉴,1990원
2097209094,[신메뉴]바게뜨장어초밥,대표,바삭한바게뜨위에달콤한소스로조리한장어를올려식감과맛모두만족,1990원
2097209094,[신메뉴]바게뜨마늘가리비초밥,대표,고소한마늘향이감도는가리비와바삭한바게뜨가어우러진특별한메뉴,1990원
2097209094,[신메뉴]생새우고추마요초밥,대표,신선한생새우에매콤달콤한고추마요소스를더해입맛을돋우는중독적인맛,1990원
2097209094,[신메뉴]생새우갈릭페니초밥,대표,탱글한생새우와마늘풍미가득한페니가조화된이색적인초밥스타일,1990원
2097209094,[신메뉴]한치트러플페니초밥,대표,쫄깃한한치와트러플오일을곁들인페니토핑으로고급스러운맛을완성,1990원
2097209094,[신메뉴]황새치묵은지갈릭초밥,대표,고소한마늘향과풍미깊은황새치스테이크가어우러진진한맛의프리미엄초밥,1990원
2097209094,[맛동산 샘 추천] 육회타다끼초밥,메뉴카테고리없음,메뉴설명없음,1990원
2097209094,[강대표님 추천] 활어묵은지초밥,메뉴카테고리없음,메뉴설명없음,1990원
2097209094,양념새우초밥,메뉴카테고리없음,메뉴설명없음,1990원
1439019759,커스텀 샐러드,대표,무농약스마트팜유럽상추로구성된야채+드레싱택1+토핑자유선택,2900원
1439019759,양송이 스프,메뉴카테고리없음,양송이버섯양파를볶고우유를더해부드럽게끓여낸홈메이드양송이스프(250g),3900원
1439019759,단호박 스프,메뉴카테고리없음,단호박을굽고우유와버터를더해부드럽게끓여낸홈메이드단호박스프(250g),3900원
1439019759,파스타 샐러드,메뉴카테고리없음,무농약잎채소+토핑6종+허브오일소스에버무린콜드파스타(150g),8400원
1439019759,들기름 메밀면 샐러드,메뉴카테고리없음,무농약잎채소+토핑6종+직접만든들기름소스에버무린메밀면(180g),8400원
1439019759,구운 닭가슴살 샐러드,메뉴카테고리없음,무농약잎채소+토핑6종+직접만든갈릭오일로염지하고구운닭가슴살(110g),8900원
1439019759,수비드 닭가슴살 샐러드,메뉴카테고리없음,무농약잎채소+토핑6종+저온조리해부드럽고촉촉한수비드닭가슴살(100g),8900원
1439019759,버섯과 가지 구이 샐러드,메뉴카테고리없음,무농약잎채소+토핑6종+느타리버섯과새송이버섯가지구이(120g),8900원
1439019759,목살 샐러드,메뉴카테고리없음,무농약잎채소+토핑6종+허브로염지하고구운목살(100g),9400원
1439019759,매콤 새우 샐러드,메뉴카테고리없음,무농약잎채소+토핑6종+불향가득구운새우(7미),10400원
1439019759,갈릭 새우 샐러드,메뉴카테고리없음,무농약잎채소+토핑6종+수제갈릭소스로구운새우(7미),10400원
1439019759,부채살 샐러드,메뉴카테고리없음,무농약잎채소+토핑6종+저온조리후구워부드러운부채살(100g),10900원
1439019759,생연어 샐러드,메뉴카테고리없음,무농약잎채소+토핑6종+직접손질하고숙성한노르웨이산연어(80g),11300원
1531723988,아귀찜(뼈),대표,보들보들찐한양념의시래기or아삭아삭콩나물필수선택,47000~72000원
1531723988,순살아귀찜,대표,아귀찜을순살로더욱편하게시래기or콩나물선택,50000~75000원
1531723988,아귀대창볶음,메뉴카테고리없음,메뉴설명없음,15000원
1531723988,아귀탕수육,메뉴카테고리없음,메뉴설명없음,14000원
1531723988,새우튀김,메뉴카테고리없음,메뉴설명없음,14000원
1531723988,치즈돈까스,메뉴카테고리없음,메뉴설명없음,10000원
1531723988,돌판낚지볶음,메뉴카테고리없음,2인이상주문가능점심14000원(공기밥포함)저녁16000원(공기밥별도),14000~16000원
1106670769,호은농장 듀록 카타로스 카츠,메뉴카테고리없음,예산호은농장에서소량사육한국내산순수100%듀록,22000원
1106670769,남영 버크셔 상로스카츠,메뉴카테고리없음,대한민국에몇개없는단일품종버크셔를키워내는남원남영농장,19000원
1106670769,남영 버크셔 로스카츠,메뉴카테고리없음,대한민국에몇개없는단일품종버크셔를키워내는남원남영농장,16000원
1106670769,호은농장 듀록 히레카츠,메뉴카테고리없음,예산호은농장에서소량사육한국내산순수100%듀록,16000원
1106670769,호은농장 듀록 상로스 카츠,메뉴카테고리없음,예산호은농장에서소량사육한국내산순수100%듀록,18000원
1106670769,호은농장 듀록 로스카츠,메뉴카테고리없음,예산호은농장에서소량사육한국내산순수100%듀록,15000원
1106670769,YBD 로스카츠,메뉴카테고리없음,육즙이많고식감이좋은등심,14000원
1106670769,YBD 상로스카츠,메뉴카테고리없음,가브리살과등심이같이있는특수부위로만든카츠,17000원
1106670769,선별육 히레카츠,메뉴카테고리없음,도드람선별육을이용하여부드럽고담백한안심,16000원
1106670769,난축맛돈 리브로스카츠,메뉴카테고리없음,맛있는제주도대표프리미엄흑돼지난축맛돈의등심과삼겹이포함되어있는부위,17000원
1106670769,난축맛돈 상리브로스카츠,메뉴카테고리없음,맛있는제주도대표프리미엄흑돼지난축맛돈의등심과삼겹가브리살까지포함되어있는부위,20000원
1106670769,난축맛돈 카타로스카츠,메뉴카테고리없음,맜있는제주도대표프리미엄흑돼지난축맛돈,25000원
1106670769,톤믹스카츠,메뉴카테고리없음,다양한종류의카츠를맛볼수있는[등심안심],19000원
1106670769,카츠산도 정식,메뉴카테고리없음,브리오슈식빵사이에도톰한로스카츠를넣은샌드스튜까지함께즐길수있는메뉴,15000원
1106670769,모찌카츠,메뉴카테고리없음,모리조에서개발한모찌카츠는씹는식감이일품,5000원
1414005185,하나야마 냉우동,대표,넓은면과매콤하고시원한육수의조합,16000원
1414005185,숯불 규카츠,대표,소고기'채끝'부위를겉만살짝튀겨숯향을입히고화로에구워먹는카츠,18500원
1414005185,숯불모듬카츠,대표,히레카츠와로스카츠를동시에즐길수있는카츠,17000원
1414005185,정동 치즈카츠,대표,등심을얇게펼쳐모짜렐라치즈를가득넣어만들어특제소스에찍어먹는카츠,14500원
1414005185,뜨끈꼬꼬우동,메뉴카테고리없음,깊은닭육수와겨울철한그릇으로뜨끈하게,12000원
1414005185,백미 냉우동,메뉴카테고리없음,쌀로만든면과매콤하고시원한육수의조합,15000원
1414005185,정동 마제소바,메뉴카테고리없음,된장베이스소스에볶은고기와각종야채를비벼먹는면요리,13000원
1414005185,정동 마제덮밥,메뉴카테고리없음,된장베이스소스에볶은고기와각종야채를비벼먹는덮밥,13000원
1414005185,숯불특로스카츠,메뉴카테고리없음,360시간이상숙성된등심중에가브리살이붙어있는부위로부드러움까지즐길수있는카츠,15000원
1414005185,숯불 로스카츠,메뉴카테고리없음,360시간이상숙성된등심으로특유의육향과고소함을느낄수있는카츠,13000원
1414005185,숯불히레카츠,메뉴카테고리없음,360시간이상숙성된안심으로부드러움과풍부한육즙을즐길수있는카츠,14000원
1414005185,정동 치즈카츠 + 고구마무스 추가,메뉴카테고리없음,메뉴설명없음,15500원
1414005185,정동 경양식 (순한맛/매운맛),메뉴카테고리없음,등심을얇게두드려새콤달콤/매콤달콤특제소스를덮은정동의경양식돈가스,12900원
1414005185,정동 경양식 + 고구마무스 추가,메뉴카테고리없음,정동경양식(순한맛/매운맛)+고구마무스추가,13900원
1414005185,카레 경양식 (순한맛/매운맛),메뉴카테고리없음,등심을얇게두드려특제카레를덮은정동의경양식돈가스*땅콩함유,12900원
1034080506,앵그리버드 치킨,대표,100%국내산냉장닭주문즉시신선한닭으로반죽하여튀긴우리의영혼을담은크리스피치킨,22000원
1034080506,크리스피 텐더와 새우,메뉴카테고리없음,치킨텐더가껍질째먹는통새우와함께업그레이드되어돌아왔습니다.,20000원
1034080506,버팔로 윙과 감자,메뉴카테고리없음,매콤달콤버팔로윙!,20000원
1034080506,소시지와 친구들,메뉴카테고리없음,국내산프리미엄수제소시지와그의친구들,17000원
1034080506,생활 떡볶이,메뉴카테고리없음,70년전통부산어묵이푸짐한국물떡볶이위에크리스피텐더와같이,19000원
1034080506,생활 부대 떡볶이,메뉴카테고리없음,부대소시지의향이베어든칼칼한국물떡볶이,20000원
1034080506,중화 치킨 샐러드,메뉴카테고리없음,매콤새콤한간장소스에안심살텐더를적셔먹는중화풍치킨샐러드,18000원
1034080506,그린라이트 샐러드,메뉴카테고리없음,야채가한가득케이준치킨샐러드,18000원
1034080506,골빔면,메뉴카테고리없음,골뱅이한통과매콤새콤특제소스가들어간비빔면,12000원
1034080506,김꽃동,메뉴카테고리없음,김치와꽃게푸짐한우동의만남!,19000원
1034080506,고급찐어묵탕,메뉴카테고리없음,고급진찐어묵과통통새우바의찐~한만남!,17000원
1034080506,스팸튀김,메뉴카테고리없음,그렇습니다스팸을튀겼습니다!,12000원
1034080506,촉촉오징어,메뉴카테고리없음,동해반건조오징어,15000원
1034080506,바삭 황태 구이,메뉴카테고리없음,맛도영양도챙긴만능안주황태구이와껍질튀김,18000원
1034080506,직화 육포와 땅콩,메뉴카테고리없음,특별한소스로맛을낸직화구이육포,17000원
2045705129,프랭크커피(Only Ice),대표,프랭크의시그니처크림라떼,6000원
2045705129,레스큐어 버터 소금빵,대표,프랑스산레스큐어버터를사용해풍미가가득한소금빵,3000원
2045705129,에그타르트,대표,겹겹이직접만든페이스트리쉘과부드럽고진한수제필링으로완성한르프랭크의에그타르트,2800원
2045705129,잠봉 루꼴라 소금빵,대표,짭조름한잠봉과신선한루꼴라를더해담백하고깊은풍미를완성한잠봉루꼴라소금빵,4800원
2045705129,순우유 크림 소금빵,대표,부드러운순우유크림을가득채워은은한단짠의매력을담아낸순우유크림소금빵,3800원
1710381899,텐동,메뉴카테고리없음,메뉴설명없음,13000원
1710381899,에비텐동,메뉴카테고리없음,메뉴설명없음,15500원
1710381899,가츠동,메뉴카테고리없음,메뉴설명없음,14000원
1710381899,스테이크동,메뉴카테고리없음,메뉴설명없음,19500원
1710381899,호르몬동,메뉴카테고리없음,메뉴설명없음,17000원
1710381899,이베리코동,메뉴카테고리없음,메뉴설명없음,17000원
1710381899,오야꼬동,메뉴카테고리없음,메뉴설명없음,13000원
1710381899,三大将덮밥,메뉴카테고리없음,삼대장,17500원
1710381899,연어새우장,메뉴카테고리없음,메뉴설명없음,16500원
1710381899,사케동,메뉴카테고리없음,메뉴설명없음,15000원
1710381899,사케뱃살동,메뉴카테고리없음,메뉴설명없음,16000원
1710381899,연어장,메뉴카테고리없음,메뉴설명없음,16000원
1710381899,생연어초밥10p,메뉴카테고리없음,메뉴설명없음,16500원
1710381899,아부리반반초밥,메뉴카테고리없음,메뉴설명없음,17000원
1710381899,전복장소바,메뉴카테고리없음,메뉴설명없음,14000원
1465327582,누보닭갈비 1인분,메뉴카테고리없음,메뉴설명없음,11000원
1465327582,고르곤졸라피자,메뉴카테고리없음,메뉴설명없음,9000원
1465327582,수제돈카츠(어린이 메뉴),메뉴카테고리없음,메뉴설명없음,8500원
2064592564,산오징어회와 김 장아찌,대표,방금잡은오징어와날치알청어알그리고직접담군김장아찌의완벽한조합,변동
2064592564,알배기 암꽃게회,대표,+버터간장계란밥개체마다알의수율과크기에차이가있을수있습니다.,변동
2064592564,진동 참미더덕회,대표,진동에서산지직송당일바리올라온미더덕회,36000원
2064592564,알배기 암꽃게 백숙,대표,개체마다알의수율과크기에차이가있을수있습니다.,변동
2064592564,마장동 소고기 버섯전골,대표,직접끓인멸치육수와4종버섯소고기가가득올라가는전골그리고치즈죽으로마무리,29000원
2064592564,돼지 꼬랑지구이,대표,"""콜라겐""풍부한돼지꼬리구이를피부에양보하세요.",24000원
2064592564,生낙지 연포탕,메뉴카테고리없음,싱싱한산낙지와먹물의고소함그리고계란죽으로마무리,38000원
2064592564,차돌 오드래기 쯔란볶음,메뉴카테고리없음,특수부위오드래기와고소한차돌기름의만남,27000원
2064592564,동해 백골뱅이 지리탕,메뉴카테고리없음,"포항산산지직송당일바리""백골뱅이""",34000원
2064592564,울진 귀오징어통찜,메뉴카테고리없음,귀처럼넓은지느러미와진한단맛이매력적인동해울진앞바다귀오징어통찜,28000원
2064592564,낙지 탕탕이와 구운 김 (2마리),메뉴카테고리없음,신선한산낙지와두번구운김쌈의조합,34000원
2064592564,생골뱅이 미나리 초무침,메뉴카테고리없음,미나리를이용한생골뱅이무침,28000원
2064592564,초코 오징어 냄비통찜,메뉴카테고리없음,내장가득한선도좋은오징어통찜,26000원
2064592564,크림옹심이,메뉴카테고리없음,크림베이스에끓여낸감자옹심이,19000원
2064592564,통낙지 숙회,메뉴카테고리없음,살아있는낙지를주문즉시쪄드립니다.,17000원
1496680906,대용량 빅 사이즈 아메리카노([650ml Big벤티]ICE),대표,(디카페인아메리카노변경가능)디저트39만의BSCA인증을받은최고급스페셜티원두로추출한깊고향긋한풍미의스페셜아메리카노,3400원
1496680906,대용량 빅 사이즈 아메리카노(HOT 그란데(2샷)),대표,(디카페인아메리카노변경가능)디저트39만의BSCA인증을받은최고급스페셜티원두로추출한깊고향긋한풍미의스페셜아메리카노,3400원
1496680906,커스터드 크로칸슈,대표,100%동물성생크림사용바삭하고고소한견과류가뿌려진크로칸에커스터드크림을가득넣은크로칸슈커스터드입니다.독특하고이색적인프리미엄디저트입니다.,5400원
1496680906,더바삭 소금빵,대표,쫀득한반죽에프랑스버터의깊은풍미가더해진리얼프리미엄소금빵,4300원
1496680906,진짜 맛있는 찹쌀 핫도그(베스트),대표,육즙가득빅소시지와겉은바삭속은쫄깃한찹쌀반죽을느낄수있는진짜맛있는찹쌀핫도그,4300원
2014405010,풀드포크 베네딕트,대표,직접구운사워도우위에오랫동안익힌풀드포크와스페셜하우스메이드홀렌다이즈소스,16000원
2014405010,크리미 머쉬룸 온 토스트,대표,생크림으로끓여부드러운크리미머쉬룸베이컨바질수란리코타치즈직접구운사워도우,16000원
2014405010,아보카도 온 토스트,대표,부드럽게으깬아보카도숙성토마토리코타치즈하몽수란직접구운사워도우,14000원
2014405010,머쉬룸 토스티,대표,사워도우오래끓여숙성시킨양송이버섯두가지치즈루꼴라갈릭크림치즈,12000원
2014405010,햄치즈 토스티,대표,플랫메이트에서직접만드는사워도우햄두가지치즈토마토허브소스,11000원
2014405010,오지크림,대표,달달한배합우유크림에스프레소오렌지제스트,6500원
2014405010,홈메이드 홀 사워도우 (850g),메뉴카테고리없음,상업용이스트없이르방으로발효해매일아침플랫메이트에서직접굽습니다,9500원
2014405010,아메리카노,메뉴카테고리없음,메뉴설명없음,5500원
2014405010,롱블랙,메뉴카테고리없음,적은양의물풍미는깊게.진하고깔끔한블랙커피,5500원
2014405010,플랫화이트,메뉴카테고리없음,메뉴설명없음,6000원
2014405010,라떼,메뉴카테고리없음,메뉴설명없음,6000원
2014405010,카푸치노,메뉴카테고리없음,메뉴설명없음,6000원
2014405010,매직,메뉴카테고리없음,더블리스트레토(진한샷)적은양의스팀우유,5500원
2014405010,피콜로,메뉴카테고리없음,적은양의우유진한라떼,4500원
2096717957,동죽칼국수 (기본서비스),대표,동죽조개를아끼지않고넣어조개향으로채운해물칼국수특별하진않지만본질에집중,무료
2096717957,쭈꾸미 매콤비빔칼국수(+4000원),대표,처음부터끝까지설계한매콤한양념의공정을거쳐완성한비빔칼국수쫄깃함의중독성,4000원
2096717957,오두막창(2~3인) 한 판,메뉴카테고리없음,발효된장으로삶아비린맛은잡고감칠맛은극대화한막창,43000원
2096717957,오두막창(3~4인) 한 판,메뉴카테고리없음,발효된장으로삶아비린맛은잡고감칠맛은극대화한막창,58000원
2096717957,갈껍세트(2~3인) 한 판,메뉴카테고리없음,오두막창만의압착시그니처공정으로겉은바삭속은쫀득젓가락멈추기힘든껍데기,45000원
2096717957,갈막세트(2~3인) 한 판,메뉴카테고리없음,고소함과담백함의균형좋은조합오두막창의비법파우더로밑간해깔끔담백갈매기살,48000원
2096717957,매콤무뼈닭발,메뉴카테고리없음,메뉴설명없음,16000원
2096717957,한뚝배기 막창전골,메뉴카테고리없음,메뉴설명없음,9900원
2096717957,오두막 막창볶음밥,메뉴카테고리없음,메뉴설명없음,7000원
2096717957,차돌청국장찌개,메뉴카테고리없음,메뉴설명없음,6000원
2096717957,폭탄치즈계란찜,메뉴카테고리없음,메뉴설명없음,5000원
2096717957,초당옥수수 막걸리 한 잔,메뉴카테고리없음,초당옥수수의은은한단맛과고소함을그대로담아첫모금부터부드럽게퍼집니다.,1500원
2096717957,감귤하이볼,메뉴카테고리없음,메뉴설명없음,7000원
2096717957,복분자하이볼,메뉴카테고리없음,메뉴설명없음,7000원
2089920251,세모한상,대표,아롱사태수육+새우미나리전+바지락탕수제비+갓절임+무장아찌+야채무침,39000원
2089920251,명란감자전,메뉴카테고리없음,연예인과군수님이찾아와맛볼만큼유명한홍식당의특제명란감자전,20000원
2089920251,특 차돌스지버섯전골,메뉴카테고리없음,4시간삶아야들한차돌과스지를전골로더욱맛있게드실수있도록준비해드립니다,28000원
2089920251,갑오징어튀김,메뉴카테고리없음,통통하고신선한갑오징어를세모만의파삭한일품튀김반죽으로튀겨드립니다,13000원
2089920251,아롱사태 수육무침,메뉴카테고리없음,아롱사태수육과특제야채무침에고소한메밀면을곁들여드립니다,24000원
2089920251,스지오뎅모리,메뉴카테고리없음,16종의오뎅과곁들임을6시간푹끓인스지차돌육수에내어드리는일식스지모듬어묵,24000원
2089920251,바질크림수제비,메뉴카테고리없음,바질페스토와카라멜라이징양파로맛을낸크림소스베이스의베이컨수제비.,14000원
2089920251,치킨난반,메뉴카테고리없음,메뉴설명없음,16000원
2089920251,크림새우,메뉴카테고리없음,파사삭한황금비율의튀김옷을입힌특상새우를중식크림소스와양상추레몬을곁들여드립니다,19000원
2089920251,마라닭발샹궈,메뉴카테고리없음,with.청경채숙주연근배추즈마장라오깐마쪽파,16000원
2089920251,갑오징어버터구이,메뉴카테고리없음,메뉴설명없음,19000원
2089920251,양고기튀김,메뉴카테고리없음,촉촉한밸런스의양고기를튀겼습니다타래양배추와고수레몬쯔란과마요를곁들여드립니다,14000원
2089920251,싱가폴식 홍콩토스트,메뉴카테고리없음,싱가폴식홍콩토스트입니다,9000원
2089920251,생자몽사와,메뉴카테고리없음,생자몽강주토닉,8500원
2089920251,통레몬 사와,메뉴카테고리없음,생레몬강주토닉,7500원
1053590271,치마살,대표,살코기에촘촘히박혀있는마블링이천개나된다고하여'천겹살'으로도불립니다.,17000원
1053590271,꼬들살,대표,식감이꼬들꼬들하여꼬들살로불리며담백하고쫄깃한맛이일품입니다,16000원
1053590271,갈매기,대표,갈매기살은소고기의안창살과같은부위에해당하며한마리당약300g정도만공급됩니다,16000원
1053590271,주먹구이(목살),대표,등심에서목쪽으로이어지는부위이며근육막사이에지방이적당히박혀있어풍미가좋습니다.,16000원
1053590271,미박삼겹(오겹),대표,껍질과그안쪽의살까지모두포함되어삼겹살보다맛이풍부하고쫀득고소한식감이일품.,16000원
1053590271,껍데기,대표,등심껍데기가아닌100%뱃살껍데기를사용하며특제소스에한번삶아내어제공합니다.,10000원
1053590271,돼지한마리600g,대표,치마살꼬들살갈매기목살4가지부위를같이드실수있눈가성비좋은대표메뉴입니다.,64000원
1053590271,돼지반마리400g,대표,치마살꼬들살갈매기목살4가지부위를같이드실수있눈가성비좋은대표메뉴입니다.,43000원
1053590271,돼지반마리+한우속풀이내장탕+죽서비스,대표,돼지한마리에한우속풀이내장탕+죽서비스까지제공되는가성비좋은대표메뉴입니다.,53000원
1053590271,돼지반마리+청국장+깍뚝비빔밥,대표,돼지한마리에청국장+깍뚝비빔밥까지제공되는가성비좋은메뉴입니다.,51000원
1053590271,돼지한마리+한우속풀이내장탕+죽서비스,대표,돼지한마리에한우속풀이내장탕+죽서비스까지제공되는가성비좋은대표메뉴입니다.,74000원
1053590271,돼지한마리+청국장+깍뚝비빔밥,대표,돼지한마리에청국장+깍뚝비빔밥까지제공되는가성비좋은메뉴입니다.,72000원
1053590271,한우속풀이내장탕+죽서비스,대표,깐양을듬뿍넣어끌여낸깊은맛의국물과특제양념으로만든다데기로얼큰함을더했습니다.,11000원
1053590271,청국장+깍뚝비빔밥,대표,청국장과비빔밥의조화!!맛은상상에맡기겠습니다!!,9000원
1053590271,메밀막국수,대표,새콤탈콤쫄깃끝판왕!!찰떡궁합메밀막국수필수!!,8000원
1146796327,차돌박이,대표,기름기가좔좔흐르는국내산차돌박이,18000원
1146796327,우대 갈비 (280g),대표,고기중에가장맛있다고하는갈비살!소의갈비로입안에서살살녹는맛,29000원
1146796327,항아리 바베큐 통삼겹 (180g),대표,국내산생고기중앙동고깃집만의항아리로훈제한삼겹살(*최소1시간전예약필수.),15000원
1146796327,갈목탕,메뉴카테고리없음,점심,12000원
1146796327,한우육개장,메뉴카테고리없음,점심,10000원
1146796327,훈제 오리 한마리,메뉴카테고리없음,오리한마리를통째로항아리안에넣어서기름을다이어트시킨담백한오리통바베큐!,45000원
1146796327,생삼겹 (150g),메뉴카테고리없음,껍질을다이아몬드모양으로썰어서통으로한번에구워서먹는쫄깃쫄깃한숙성생삼겹살!,13000원
1146796327,낙엽살 (150g),메뉴카테고리없음,흔히도깨비살로불리우는돼지고기특수부위!담백하고쫄깃한식감!,13000원
1146796327,숙.불 (숙주 불고기) (2인 이상),메뉴카테고리없음,살짝매콤한목살불고기와숙주를볶음과함께하는한끼(10:00~15:00까지판매),10000원
1146796327,막국수(물비빔)&떡갈비,메뉴카테고리없음,시원한막국수와달콤짭짤한떡갈비가어울러지는점심한끼~!,9000원
2066468826,옐로우팜 망고주스,대표,생망고가통으로올라가는진짜망고주스,9900원
2066468826,파인애플 한통,대표,메뉴설명없음,11900원
2066468826,생망고빙수,대표,17900,17900원
2066468826,멜론빙수,메뉴카테고리없음,메뉴설명없음,16900원
1270117665,한우사골육수 쌀국수(Pho):양지,대표,한우사골을24시간우려낸육수로감칠맛과깊은풍미를느낄수있습니다.,8900원
1270117665,베트남소고기쌀국수:사태,대표,1등급한우사골로우려낸육수와현지인쉐프의솜씨가어우러진최고의쌀국수,9900원
1270117665,매운 쌀국수(PHO TAI),대표,1등급한우사골육수와현지인쉐프의솜씨가어우러진최고의쌀국수,11000원
1270117665,분짜사이공(BUN CHA),대표,담백한고기와신선한야채달콤짭짤한소스를곁들인베트남식비빔국수,9900원
1270117665,완전수제 포담 월남쌈(GOI CUON,대표,상큼하고부드러운최고의다이어트요리-현지인쉐프의손맛!,6900원
1270117665,포담 반세오(BANH XEO),대표,정통반세오,9900원
1270117665,완전 수제 포담 짜조(CHA GIO),대표,정성들여직접만든바삭하고촉촉한베트남전통짜조담백하고바삭한맛으로간식으로강력추천!단체주문가능합니다.,6900원
1952498498,바닐라 캐슈넛 휘낭시에,메뉴카테고리없음,플레인휘낭시에+캐슈넛+바닐라빈,3600원
1952498498,헤이즐넛 화이트 모카,메뉴카테고리없음,커피휘낭시에+헤이즐넛+화이트초콜릿,3700원
1952498498,플레인 휘낭시에,메뉴카테고리없음,가장기본에충실한휘낭시에,2900원
1952498498,쏠트 캐러멜 휘낭시에,메뉴카테고리없음,플레인휘낭시에+캐러멜소스,3300원
1952498498,쏠트 초코 휘낭시에,메뉴카테고리없음,플레인휘낭시에+다크초콜릿+게랑드소금,3300원
1952498498,말차 초코 휘낭시에,메뉴카테고리없음,말차휘낭시에+초코스틱,3600원
1952498498,오레오 밀크칩 휘낭시에,메뉴카테고리없음,오레오휘낭시에+마쉬멜로우+연유소스,3600원
1952498498,카치오 에 페페 휘낭시에,메뉴카테고리없음,플레인휘낭시에+콜비잭치즈+4가지후추,3600원
1952498498,코코넛 커피 휘낭시에,메뉴카테고리없음,커피휘낭시에+코코넛+버터소스,3600원
1952498498,휘낭시에와 아이들 박스 포장 (4구),메뉴카테고리없음,메뉴설명없음,변동
1952498498,휘낭시에와 아이들 박스 포장(8구),메뉴카테고리없음,메뉴설명없음,변동
1952498498,휘낭시에와 아이들 박스 포장(12구),메뉴카테고리없음,메뉴설명없음,변동
1952498498,브루잉 커피 (hot / ice),메뉴카테고리없음,서로와각자가좋아하는다양한커피,5000원
1952498498,카페 오레 (hot / ice),메뉴카테고리없음,진하게내린커피와우유담백한조화,5000원
1952498498,플랫 크림 커피 (hot / ice),메뉴카테고리없음,바디감이좋은커피와시그니처크림,5500원
1990743046,콘프리터,대표,베이컨으깬아보카도수란을곁들여먹는바삭한식감의호주식옥수수요리,14800원
1990743046,웜 샐러드,대표,방울양배추브로콜리호두를볶아10가지재료를넣어만든드레싱으로버무린샐러드,10800원
1990743046,파블로바 팬케이크,대표,호주디저트파블로바와클래식팬케이크의만남!계절과일과생크림등을토핑한달콤메뉴!,15500원
1990743046,브렉퍼스트 플레이트,메뉴카테고리없음,사워도우휩버터잼소시지베이컨알감자취향대로고르는달걀의든든한한접시,16000원
1990743046,더블 치즈 버거 & 칩스,메뉴카테고리없음,스위스치즈어니언잼딜피클에두가지소스를더해브리오슈번으로완성한버거,17000원
1990743046,칠리 머슬,메뉴카테고리없음,신선한홍합과펜네파스타채소·허브로매콤하게끓인토마토스튜,15000원
1990743046,스매쉬드 아보&피스,메뉴카테고리없음,사워도우위에으깬아보카도와완두콩머쉬를올리고페타치즈루꼴라샐러드로마무리한메뉴,14500원
1990743046,동남아식 새우 치킨 볶음밥,메뉴카테고리없음,삼발소스와다크소이소스를넣어닭가슴살새우숙주와함께볶아낸동남아식볶음밥,15800원
1990743046,치킨 시저 샌드위치,메뉴카테고리없음,부드러운수비드닭가슴살과신선한채소클래식한시저드레싱으로완성한치아바타샌드위치,13000원
1990743046,에그베네딕트,메뉴카테고리없음,베이컨/훈제연어통통한수란크리미하게흐르는홀랜다이즈소스가곁들어진브런치메뉴,15000원
1990743046,포르치니 크림 파스타,메뉴카테고리없음,포르치니버섯과양송이버섯의풍미가가득한크림파스타.,15500원
1990743046,감자튀김과 수제 아이올리,메뉴카테고리없음,바삭한레귤러컷감자튀김과하우스메이드아이올리소스,7500원
1990743046,(dukescoffee) 커피,메뉴카테고리없음,호주3대커피인듁스커피의듁스블렌드원두를사용합니다.모든커피메뉴디카페인변경가능,변동
1990743046,(T2) TEA BAG 차,메뉴카테고리없음,메뉴설명없음,5000원
1990743046,(분다버그) 핑그자몽/레몬에이드,메뉴카테고리없음,메뉴설명없음,5000원
2068753793,도화,대표,상큼한과일향이어우러진부드러운칵테일,15000원
2068753793,꽃잠,대표,꽃향과레몬의상큼함이부드럽게퍼지는한잔,14000원
2068753793,별이지는 밤,대표,반짝이는밤을담은달콤한칵테일,14000원
2068753793,달빛작약,대표,가볍고산뜻하게즐기는플로럴칵테일,13000원
2068753793,말리부 오렌지,대표,코코넛과오렌지의상큼한조합칵테일,12000원
2068753793,블랙러시안,대표,보드카와커피리큐르의진한조합,12000원
2068753793,깔루아 밀크,메뉴카테고리없음,달콤한커피밀크칵테일,12000원
2068753793,피치크러쉬,메뉴카테고리없음,복숭아향가득한상큼달콤칵테일,13000원
2068753793,준벅,메뉴카테고리없음,코코넛멜론이어우러진달콤한휴양지감성,13000원
2068753793,파우스트,메뉴카테고리없음,깊고묵직한풍미가매력적인클래식칵테일,14000원
2068753793,롱티,메뉴카테고리없음,여러베이스가조화된강렬한클래식칵테일,14000원
2068753793,코스모폴리탄,메뉴카테고리없음,크랜베리향이매력적인세련된칵테일,14000원
2068753793,카타르시스,메뉴카테고리없음,부드럽게시작해강렬한반전매력이느껴지는칵테일,13000원
2068753793,잭콕,메뉴카테고리없음,잭다니엘과콜라의클래식한조합,12000원
2068753793,피치 하이볼,메뉴카테고리없음,달콤한피치리큐르가더해진산뜻한하이볼,11000원
1479244783,뼈대삼겹 230g,대표,첫주문시2인이상,18000원
1479244783,숙성목살 180g,대표,메뉴설명없음,16000원
1479244783,저온숙성삼겹 180g,메뉴카테고리없음,메뉴설명없음,16000원
1479244783,이베리코 항정살 160g,메뉴카테고리없음,메뉴설명없음,15000원
1479244783,꼬들살 180g,메뉴카테고리없음,메뉴설명없음,17000원
1479244783,몽유도 2인 세트,메뉴카테고리없음,저온숙성삼겹270g+저온숙성목살180g+된장술밥or김치찌개중택1,43000원
1479244783,몽유도 3-4인 세트,메뉴카테고리없음,메뉴설명없음,68000원
1479244783,특목살 김치찌개,메뉴카테고리없음,메뉴설명없음,7000원
1479244783,된장술밥,메뉴카테고리없음,메뉴설명없음,7000원
1479244783,물냉면 / 비빔냉면,메뉴카테고리없음,메뉴설명없음,6000원
1479244783,솥판볶음밥(2인이상),메뉴카테고리없음,메뉴설명없음,3000원
1479244783,계란찜,메뉴카테고리없음,메뉴설명없음,3000원
1479244783,누룽지,메뉴카테고리없음,메뉴설명없음,2000원
1228549320,NEW ! 네슈빌 핫모짜 치즈스틱,대표,!!일일30개한정수량판매중입니다!!화제의메뉴를깁미타코스타일로만나보세요💝,5900원
1228549320,NEW! 치미창가,대표,야채와치즈고기와밥을넣은부리또튀김!겉바속촉화제의메뉴입니다!,14000원
1228549320,NEW ! 부리또 (2 type),대표,1.치킨마살라커리부리또2.치폴레부리또*과카몰리소스추가2000원,7500원
1228549320,SET A,대표,메뉴설명없음,39000원
1228549320,SET B,대표,메뉴설명없음,42000원
1228549320,FRESH SET,대표,메뉴설명없음,31000원
1228549320,1 QUESADILLA SET,대표,메뉴설명없음,11000원
1228549320,1 TACO SET,대표,메뉴설명없음,11000원
1228549320,1 BIRIA SET,대표,메뉴설명없음,11000원
1228549320,깁미파히타,대표,메뉴설명없음,23000원
1228549320,프레쉬 바베큐 보울,대표,메뉴설명없음,12000원
1228549320,멕룽지,메뉴카테고리없음,바삭하게구운치즈누룽지와불향가득한멕시코바베큐소스의만남!,5900원
1228549320,치폴레 퀘사디아 1Pcs,메뉴카테고리없음,메뉴설명없음,7000원
1228549320,비프앤치즈 퀘사디아 1Pcs,메뉴카테고리없음,메뉴설명없음,7500원
1228549320,비리아 타코,메뉴카테고리없음,메뉴설명없음,5900원
1253081680,토리파이탄라멘,메뉴카테고리없음,닭과각종야채들을넣어장시간끓여내닭의깊은감칠맛이살아있는육수베이스라멘,10000원
1253081680,카라토리파이탄라멘(매운맛),메뉴카테고리없음,닭과각종야채들을넣고감칠맛의깊은맛을낸닭육수에매운소스를곁들인라멘,11000원
1253081680,이에케라멘(이벤트메뉴),메뉴카테고리없음,점도가있으면서도기름층이분명하고짭짤하고묵직한맛이특징인라멘,11000원
1253081680,백합시오청탕,메뉴카테고리없음,오리뼈닭뼈와재첩백합을사용해저온에서야채들을넣고장시간우려낸맑은육수라멘,11000원
1253081680,평양 냉면,메뉴카테고리없음,자극적인맛보단깔끔하고슴슴한맛이특징인메뉴삼겹양지오이무절임을같이내어드립니다,12000원
1253081680,츠케멘,메뉴카테고리없음,돼지뼈와멸치3종으로끓려낸진한육수에차가운면을찍어먹는라멘,11000원
1253081680,카라츠케멘(매운맛),메뉴카테고리없음,돼지뼈와멸치3종으로우려낸농후하고매콤한육수에차가운면을찍어먹는라멘,12000원
1253081680,아부라소바(비빔라멘),메뉴카테고리없음,여러가지고명들과함께비벼먹는비빔라멘,11000원
1253081680,마제소바(비빔라멘),메뉴카테고리없음,볶은양념고기와야채등여러고명을국물없이비벼먹는라멘,11000원
1253081680,고기밥,메뉴카테고리없음,잘지은흰쌀밥위에불향을입힌대파와고기가올라간사이드메뉴,1500원
1253081680,미니규동,메뉴카테고리없음,달짝지근하게조린우삼겹을흰쌀밥위에올려불향을입힌메뉴,3500원
1253081680,치킨난반,메뉴카테고리없음,부드러운식감을살린닭다리살튀김에새콤한타르타르소스를곁드린메뉴,3500원
1253081680,카다이프 새우,메뉴카테고리없음,얇은카다이프면을통통한새우에말아바삭하게튀겨낸사이드메뉴,2500원
452736623,바질크림뇨끼,메뉴카테고리없음,메뉴설명없음,19000원
452736623,감베로 알리오 올리오,메뉴카테고리없음,메뉴설명없음,16000원
452736623,명란오일파스타,메뉴카테고리없음,메뉴설명없음,17000원
452736623,이베리코오일파스타,메뉴카테고리없음,메뉴설명없음,18000원
452736623,통삼겹 까르보나라,메뉴카테고리없음,메뉴설명없음,16000원
452736623,해물크림파스타,메뉴카테고리없음,메뉴설명없음,17000원
452736623,쉬림프로제파스타,메뉴카테고리없음,메뉴설명없음,16000원
452736623,청양바질마레파스타,메뉴카테고리없음,메뉴설명없음,18000원
452736623,투움바파스타,메뉴카테고리없음,메뉴설명없음,17000원
452736623,빠네크림파스타,메뉴카테고리없음,메뉴설명없음,17000원
452736623,명란크림파스타,메뉴카테고리없음,메뉴설명없음,18000원
452736623,초리조 아라비아따,메뉴카테고리없음,메뉴설명없음,16000원
452736623,볼로네제 파스타,메뉴카테고리없음,메뉴설명없음,16000원
452736623,해물토마토파스타,메뉴카테고리없음,메뉴설명없음,17000원
452736623,부라타 포모도르,메뉴카테고리없음,메뉴설명없음,18000원
1893325633,육전,대표,메뉴설명없음,25000원
1893325633,반반전(김치&부추),대표,메뉴설명없음,19000원
1893325633,골뱅이무침(+쫄면),대표,메뉴설명없음,23000원
1893325633,만두전골(+칼국수),대표,메뉴설명없음,25000원
1893325633,해물파전,메뉴카테고리없음,메뉴설명없음,23000원
1893325633,김치전,메뉴카테고리없음,메뉴설명없음,17000원
1893325633,부추전,메뉴카테고리없음,메뉴설명없음,17000원
1893325633,쑥갓전,메뉴카테고리없음,메뉴설명없음,17000원
1893325633,땡초바지락전,메뉴카테고리없음,메뉴설명없음,17000원
1893325633,두부김치,메뉴카테고리없음,메뉴설명없음,19000원
1893325633,제육볶음(+미니주먹밥),메뉴카테고리없음,메뉴설명없음,23000원
1893325633,쭈꾸미볶음(+소면),메뉴카테고리없음,메뉴설명없음,23000원
1893325633,오뎅탕,메뉴카테고리없음,메뉴설명없음,19000원
1893325633,순두부찌개,메뉴카테고리없음,메뉴설명없음,23000원
1893325633,된장짜글이+(밥),메뉴카테고리없음,메뉴설명없음,23000원
1816492689,숯불함박 2피스,메뉴카테고리없음,고기의맛을밥과함께잘즐길수있는메뉴입니다,13000원
1816492689,슻불함박 3피스,메뉴카테고리없음,양껏즐길수있는양이많은메뉴입니다,16000원
1816492689,숯불함박 1피스+카레/크림,메뉴카테고리없음,양이적으신분들께추천드리는메뉴입니다.,13000원
1816492689,숯불함박 2피스+카레/크림,메뉴카테고리없음,제일많이드시는메뉴이고다양한맛을즐길수있습니다.,16500원
1816492689,숯불함박 3피스+카레/크림,메뉴카테고리없음,많은양과다양한맛을함께즐길수있는메뉴입니다.,20000원
1816492689,어린이함박,메뉴카테고리없음,메뉴설명없음,8000원
1998373722,❤️오너쉐프가 정직하게❤️,대표,여러나라를돌며맛보고즐긴음식들정직하게같이즐기고싶습니다방문해주새요,변동
1998373722,커리 나스 덴카쿠 (전주에서가장잘함),대표,중국식가지튀김위에일본커리와소고기로볶아낸드라이커리그리고치즈갓뎀!!,18000원
1998373722,김부각과 한우육회 한정,대표,수제김부각와한우1+이상만사용하여만든전통육회좋은재료좋은사람좋은자리빼이,26000원
1998373722,토닭스튜 (토마토 닭스튜 ) 한정,대표,토마토소스와닭그리고각종야채와치즈로맛을낸스튜드신후밥이나면추가하면극락,22000원
1998373722,네기,대표,대파와바질그리고미소와생크림으로만든소스를빵과함께드시는무국시그니쳐,11000원
1998373722,항정살구이,대표,수비드한항정살(280g)과여수갓김치,22000원
1998373722,라즈지 (매운닭날개튀김),대표,사천식매운닭날개튀김무국최고의술안주한번드시면교X다사X등치킨못드심,21000원
1998373722,베이컨 갓김치 파스타,대표,여수갓김치와베이컨으로맛을낸무국st오일파스타죽여줘요,15000원
1998373722,남해 알리오올리오,대표,남해산마늘과마늘쫑을이용한기본에충실한파스타기본을잘하는집은다잘함,12000원
1998373722,카니미소 파스타(대게홍게를이용한),대표,홍게대게살과내장을이용한해산물녹진한맛끝내주는파스타,17000원
1998373722,새우청양 크림 파스타,대표,새우와청양고추로칼칼하게맛을낸파스타맵기조절가능합니다,15000원
1998373722,찹 스테이크,대표,직접끓인스테이크소스와파프리카와에이징부채살180g그냥끝end너무맛있는,26000원
1998373722,뉴욕크림치즈&토마토,대표,토마토&크림치즈&리코타치즈&각종견과류,11000원
1998373722,트러플득셸리조또,대표,버섯듬뿍넣은득셸소스와트러플오일로향을낸무국리조또,17000원
1998373722,도리타코 (나초를이용한 타코),메뉴카테고리없음,직접재운소불고기와도리토스의만남한입한입즐거운순간,14000원
