store_name,store_code,area
은우정육식당,1978054842,신시가지
사계 전주본점,1674437430,신시가지
홀로설 전북도청 본점,1179533799,신시가지
석암생소금구이 전주신시가지점,2035360458,신시가지
올리빈,2050064407,신시가지
호르몬치치 전주신시가지점,2040733389,신시가지
달빛에구운고등어 전북도청점,1658039837,신시가지
다산돼지와낙지 본점,35262409,신시가지
시오베이커리,2092423541,신시가지
진담동&소바 전주효자동신시가지본점,1767903379,신시가지
몽유도 신시가지점,1954251906,신시가지
오티씨커피,1027304409,신시가지
후후소금빵,2077158695,신시가지
양누리 신시가지점,1119515452,신시가지
다 레오,1651846978,신시가지
EIGHT FLOOR,1582706255,신시가지
메종드쁘띠푸르 전주점,1881842274,신시가지
성산제줏간 전주신시가지,2046308559,신시가지
가츠연,1517836857,신시가지
프랭크커핀바&베이커리 효자점,1681529226,신시가지
나나방콕 전주신시가지점,2000922127,신시가지
멘야케이 전주신시가지점,1444733898,신시가지
솔가숯불갈비 신시가지점,1308357339,신시가지
일층집 본점,1497463405,신시가지
크럼,34016552,신시가지
돈카츠흑심 효자점,1559037357,신시가지
스시이안앤 도청신시가지점,2097209094,신시가지
석암생소금구이 전주신시가지점,2035360458,신시가지
이너프샐러드 도청 직영점,1439019759,신시가지
효자동아귀찜본점,1531723988,신시가지
메종드앤,1964614801,신시가지
스시이안앤 도청신시가지점,2097209094,신시가지
오마카세 오사이초밥 전주효자점,1934955582,신시가지
어부항숙성횟집 전주도청점,1917184667,신시가지
탕화쿵푸마라탕 효자동점,1443381266,신시가지
홍석철베이커리,19915453,신시가지
오일내 신시가지점,1267696161,신시가지
브라운오델리,1100372414,신시가지
서울깍두기 전북도청점,1098484038,신시가지
호르몬치치 전주신시가지점,2040733389,신시가지
불마라식당 효자전주대점,1133749856,신시가지
불구멍 전주 신시가지점,1562200889,신시가지
시우도,1983957847,신시가지
인생극장쪽갈비 전주효자점,1636174934,신시가지
라보테 신시가지점,1327286135,신시가지
하우스먼트,1197656243,신시가지
레이지크해비탯 신시가지점,1996583204,신시가지
쭈로움 본점,2091119171,신시가지
만배식탁 전주신시가지점,1016583722,신시가지
미르밀옥류관 본점,32854577,신시가지
1964금이정 전북도청본점,1989044251,신시가지
극강식 전주신시가지점,1637775611,신시가지
엄마손맛집짜글이,35662721,신시가지
경성금돼지 전주 신시가지점,1262382544,신시가지
전주가정식백반,1118077374,신시가지
장어명가,37663302,신시가지
반촌숯불정육식당 전주효자 본점,1352476957,신시가지
카츠츠 전주효자점,1681218286,신시가지
베테랑 신시가지점,36816396,신시가지
김영찬아저씨김치찌개 본점,1344065839,신시가지
아웃백스테이크하우스 효자점,36139349,신시가지
생선집,1653652179,신시가지
갯벌을 담다 전주 신시가지점,1756049153,신시가지
찌개고집 전주신시가지점,2027134213,신시가지
형제면소,1749922884,신시가지
할리스 전북도청점,38571165,신시가지
고기싸롱 전주신시가지점,1745156394,신시가지
효자동키친,1876661758,신시가지
두끼 전북도청점,1162544334,신시가지
퐁당샤브 전주도청점,1087055663,신시가지
카페쇼콜라빌리지 전주대점,1155813744,신시가지
고깃리88번지 전주신시가지점,1264140948,신시가지
고수닭갈비 효자점,20265914,신시가지
숯토리 신시가지본점,1108630796,신시가지
가람 전주신시가지본점,37488869,신시가지
포랩스커피컴퍼니 신시가지효자점,1037900632,신시가지
미카도스시 전주전북도청점,1317929360,신시가지
취팔선객잔,1832644422,신시가지
홀로설 전북도청 본점,1179533799,신시가지
게장공장,2034612865,신시가지
탐앤탐스커피전주신시가지점,20108488,신시가지
양문숯불갈비 전주효자점,2079372039,신시가지
마초스테이크 전주점,2016578165,신시가지
멘지 전주신시가지점,2099774322,신시가지
이소,1159021496,신시가지
꿀비,20123293,신시가지
송화옥,2017032031,신시가지
산오징어바지락칼국수,155319282,신시가지
소담촌 전주효자점,1462595762,신시가지
진수곱창 신시가지점,1545188087,신시가지
버거킹 전북도청점,34907454,신시가지
스타벅스 전주신시가지점,1954896997,신시가지
스타벅스 전북도청점,34827225,신시가지
EIGHT FLOOR,1582706255,신시가지
시즈너,1649770295,신시가지
태양부양꼬치 효자점,1286897099,신시가지
여운,2083745594,신시가지
대성 한우 양곱창,1681933768,신시가지
도야 두루치기 생삼겹,1432378052,신시가지
남촌칼국수,1535494654,신시가지
배치드롬 전주신시가지점,2005476330,신시가지
규카츠정 신시가지점,1308215143,신시가지
시그니처쪽갈비 신시가지 본점,1072031659,신시가지
밑잔,1258074365,신시가지
GT커피 전주신시가지점,1016286110,신시가지
덕이네한식뷔페,1481061639,신시가지
이화짬뽕 전주신시가지점,2073343260,신시가지
후켄 신시가지점,1313716416,신시가지
피오,1682253011,신시가지
메가MGC커피 전주신시가지점,1599414335,신시가지
KFC 전북도청점,1806566157,신시가지
당나발포차 전주신시가지점,2094627051,신시가지
여리국밥,1155063843,신시가지
치히로 신시가지점,1128270047,신시가지
부광족발 효자점,1970890181,신시가지
동대문엽기떡볶이 전북도청점,33706637,신시가지
오사카숙성참치,1872163495,신시가지
갓잇 전북도청점,2046576711,신시가지
네잎클로버,1237961084,신시가지
블루스앨리,479670830,신시가지
옥주 전주신시가지점,1472807478,신시가지
인더포크,1801271250,신시가지
금암면옥 신시가지,36699189,신시가지
주야제 전주신시가지점,1855595925,신시가지
봉마땡B&Co,1270417947,신시가지
한신포차 전북도청점,33811067,신시가지
고순이감자탕,1132408236,신시가지
스타벅스 전주홍산로점,36606122,신시가지
아스라이,1602073585,신시가지
제주은희네해장국 전북도청점,1662537720,신시가지
파우재커피,2039932101,신시가지
역전할머니맥주 전주신시가지점,1398429952,신시가지
우리국수잘하는집 전주효자동본점,20028996,신시가지
이디야커피 전주KBS점,36256114,신시가지
핸더 신시가지점,2004792736,신시가지
사랑각 전주신시가지점,1970617061,신시가지
자프렌,1622740780,신시가지
컴포즈커피 전주대신정문점,1296156960,신시가지
이디야커피 전북도청점,36256216,신시가지
카페 후우링,1230696102,신시가지
마와루스시 전주효자,2070688835,신시가지
아마스빈 전북도청점,1859082842,신시가지
금복반점,1559288355,신시가지
브릴로,1740834349,신시가지
카츠레츠,1645588635,신시가지
마노,1468118375,신시가지
상무초밥 전주도청점,1069705687,신시가지
포잉케이크,1050240721,신시가지
양뜰,38654641,신시가지
극강식 전주신시가지점,1637775611,신시가지
장수농장,35336191,신시가지
도싯골 도청점,33560267,신시가지
짭쪼롬 본점,1588636145,신시가지
담소뒷고기,1124462500,신시가지
담소뒷고기,1124462500,신시가지
짭쪼롬 본점,1588636145,신시가지
꾸꾸케이크,1253950233,신시가지
어시장 신시가지점,1318112774,신시가지
영등동골목길,1802806758,신시가지
세이토,1286344014,신시가지
카메짱,1172946342,신시가지
미즈미즈시이 본점,1449266513,신시가지
올드스터프,1862064342,신시가지
신포우리만두 신시가지점,33831528,신시가지
헤비커피,1750340748,신시가지
시선 전주신시가지점,1373343700,신시가지
카페 화현,2024899642,신시가지
사계 전주본점,1674437430,신시가지
빙수당 전북도청점,1807740420,신시가지
삼백휴게실 신시가지점,2091066633,신시가지
초밥에덴 도청점,2070133768,신시가지
은우정육식당,1978054842,신시가지
시골청년맥주,2037123751,신시가지
화산생곱창,34836952,신시가지
EU피자&파스타 전주신시가지점,2053075776,신시가지
백소정 전주도청점,1847309226,신시가지
투썸플레이스 전주신시가지점,19995671,신시가지
풍남정 도청점,33876678,신시가지
온정,1632569801,신시가지
바름정육식당 효자점,1328325377,신시가지
청담이상 전주도청점,36768842,신시가지
밥스터 신시가지점,33972079,신시가지
다인,1198569687,신시가지
하루참치,37356600,신시가지
와우케이크,1137932219,신시가지
인셔틀,1134493032,신시가지
미분당 전주신시가지점,1701538317,신시가지
빽다방 전주효자기전점,1506057487,신시가지
맥적 전주본점,2014088539,신시가지
마이마이케이크 신시가지 본점,1112976318,신시가지
서울깍두기 전북도청점,1098484038,신시가지
레드피아노 LP카페,1835982055,신시가지
완산암소갈비,1934509437,신시가지
종착역 전주신시가지점,1506242665,신시가지
브이엠에스 커피,1986093819,신시가지
키노앤코,2044890468,신시가지
찌개고집 전주신시가지점,2027134213,신시가지
금정돼지 신시가지점,1277669421,신시가지
아트오브램 전주신시가지본점,1560220094,신시가지
갯벌을 담다 전주 신시가지점,1756049153,신시가지
보리보리,1705592528,신시가지
삼동소바 전주신시가지점,2032348270,신시가지
고궁담,33878751,신시가지
소모라,2007681233,신시가지
뚜레쥬르 전북도청점,36623354,신시가지
스테이블 테이블,2038595691,신시가지
모토이시 전주 신시가지점,1637541307,신시가지
짬뽕제국,1654758442,신시가지
레몬그라스,2034282948,신시가지
샤브르정원 전주점,2049267952,신시가지
전래동화 전주신시가지점,20709574,신시가지
양와당 전주점,1659906429,신시가지
면식당 효자전주대점,1399181087,신시가지
록갈비 신시가지점,1755777514,신시가지
등촌샤브칼국수 신시가지점,1303415447,신시가지
블레스롤 전주신시가지점,1301306204,신시가지
오븐어클락,1016465767,신시가지
일품풍천장어,1340550116,신시가지
미성 신시가지점,1597781389,신시가지
1964금이정 전북도청본점,1989044251,신시가지
꾸아 전주신시가지점,1233258024,신시가지
비비하우스 케이크,1229523039,신시가지
설빙 전주효자점,35221582,신시가지
오모이텐동,2092304198,신시가지
오모이텐동,2092304198,신시가지
참예우명품프라자 도청점,21880658,신시가지
숙성회 어소,1816340669,신시가지
한우와 참치,1994972862,신시가지
라핀블랑 전주점,1470686010,신시가지
홍루몽,1787508757,신시가지
플러스82 전주점,1448315353,신시가지
라라코스트 전주전북도청점,36022749,신시가지
청담일식,37290017,신시가지
뺑드파미유,33616291,신시가지
콴안다오 전주,1282109513,신시가지
다 레오,1651846978,신시가지
도스타코스 전주신시가지점,1188233774,신시가지
김형제고기의철학 전주효자점,1792733628,신시가지
덕테이블,2047948215,신시가지
양은이네 전주효자동점,2090186714,신시가지
명가등심,642982797,신시가지
팔도만족 전주신시가지점,2040208344,신시가지
겐로쿠우동 전주직영점,2076508629,신시가지
거베라,1633327950,신시가지
장미맨숀,1101195131,신시가지
빽다방 전주수병원점,1329289087,신시가지
우아르,1270262419,신시가지
꾸석지돌판한우 전주신시가지점,1700625781,신시가지
미주김밥,1492178837,신시가지
국대쭈꾸미 전주신시가지점,2071890503,신시가지
주공간,1251903960,신시가지
연막창 전주신시가지점,1368697586,신시가지
까사데알마,1974191299,신시가지
목구멍 전주점,1989198526,신시가지
양누리 신시가지점,1119515452,신시가지
리프커피랩,1338005267,신시가지
전주식당,1496966068,신시가지
감탄계 숯불치킨 전주신시가지점,1967221125,신시가지
영칼로리포케&샐러드 전주신시가지점,1125006855,신시가지
마일드스넉,1120798436,신시가지
갓포마츠 본점,1084097460,신시가지
라디오가든,21232094,신시가지
상하이마라꼬치 전주신시가지점,2008284610,신시가지
GTS버거 전주점,1629334118,신시가지
아리아랑,16966515,신시가지
가마솥순대국밥 전주신시가지점,2070416720,신시가지
배스킨라빈스 전북도청점,1133669239,신시가지
유난희김밥,19934099,신시가지
카츠보름,1228928756,신시가지
양기와 전북도청점,1156703424,신시가지
상하이반점,16807968,신시가지
이삭토스트 전주신시가지점,1222898348,신시가지
후토루 전주효자점,1334543847,신시가지
갓생맥주 전주신시가지점,2014977985,신시가지
짬뽕지존 도청점,1118242996,신시가지
말마니,33292793,신시가지
모정산골냉면 도청점,653834491,신시가지
삼천동냉삼이 효자점,1785413691,신시가지
카페동글,2079133197,신시가지
반야돌솥밥,1219727678,신시가지
파파존스 전북도청점,1745587417,신시가지
파이널나인 홀덤펍 신시가지점,1968025184,신시가지
허브롤까스,33912396,신시가지
옥된장 전주신시가지점,1009032530,신시가지
한상바오 와갈비 신시가지점,1520821109,신시가지
프리모파스타,16977852,신시가지
연남물갈비 전북도청점,1125199834,신시가지
커피로드뷰 도청점,1148192708,신시가지
팔팔부대찌개 전주신시가지점,2089543193,신시가지
빽다방 전주마전점,1941473770,신시가지
한우전문미소,36803669,신시가지
히노아지 전주효자점,1670044844,신시가지
과일산타,1077317717,신시가지
리포소커피,1020436186,신시가지
리포소커피,1020436186,신시가지
슬로우캘리 전주효자점,1633056720,신시가지
겐돈소바 도청점,1116627616,신시가지
완미족발 전주효자점,1762068774,신시가지
일피오레,1504991121,신시가지
미생맥주 전주신시가지점,1166939465,신시가지
쭈불로드 도청점,1719822308,신시가지
롯데리아 롯데마트전주점,16963463,신시가지
족발신선생 전주효자점,1898324596,신시가지
북창동순두부 전주신시가지점,36469829,신시가지
써브웨이 전북도청점,1594068869,신시가지
이지비부대찌개 신시가지점,1793298913,신시가지
맘스터치 전북도청점,1541673783,신시가지
억대국수,1223065408,신시가지
밥꽃세상,1445418297,신시가지
승구우동,1424976637,신시가지
두찜 전주효자점,1283204283,신시가지
던킨 전주대점,1912880412,신시가지
백채김치찌개 전북도청점,2005819407,신시가지
이디야커피 전주신시가지점,1474180441,신시가지 
카츠모리조,1106670769,객사
가마,34006669,객사
정동 전주객사점,1414005185,객사
생활맥주 전주객리단길점,1034080506,객사
르프랭크,2045705129,객사
치히로,1710381899,객사
누보닭갈비,1465327582,객사
파도산장,2064592564,객사
디저트39 전주 객사점,1496680906,객사
플랫메이트,2014405010,객사
오두막창 전주객사점,2096717957,객사
세모 객리단길점,2089920251,객사
다가생구이 본점,1053590271,객사
중앙동고깃집,1146796327,객사
옐로우팜 전주객사점,2066468826,객사
포담 전주시청점,1270117665,객사
평화와평화,1952498498,객사
헤이스트릿,1990743046,객사
야화 혼술바 전주웨리단길점,2068753793,객사
몽유도 전주본점,1479244783,객사
원스타임오프 전주한옥마을점,1142633504,객사
풍년제과 본점,33277058,객사
깁미타코 전주점,1228549320,객사
도파멘,1253081680,객사
서양주택,452736623,객사
가마,34006669,객사
비의소리처럼,1893325633,객사
이탈리돈,1857315164,객사
지복점,1816492689,객사
무국 무국적식당,1998373722,객사
프프프,1294076251,객사
돈카츠흑심 본점,1912261696,객사
라스트쿠프,1278183399,객사
하숙영가마솥비빔밥,13342936,객사
모악산호랭이,1182231719,객사
홍시궁 객리단길 본점,1983574095,객사
해율담,1378360471,객사
성미당,11707231,객사
제일제과,1595618342,객사
파스톨로지,1827022117,객사
진할머니갈비국밥,1196809444,객사
한일,1677260338,객사
다이닝스푼,35877123,객사
정동 전주객사점,1414005185,객사
진수곱창,1209017055,객사
피콜로,1528624932,객사
부코,2023983935,객사
어시장,1373174099,객사
미토,1876864852,객사
라스트위크,1796567192,객사
제너럴도넛샵,1448673516,객사
구프오프 전주본점,1848527934,객사
블렌딩바 본점 전주혼술바,1307182354,객사
규카츠정 객리단길 본점,385041959,객사
미성 객사점,1841425556,객사
조점례남문피순대,11797314,객사
까치산장,2043327384,객사
노트릭,1161529397,객사
온담 전주본점,1972076667,객사
가득,1849726774,객사
가족회관,36410653,객사
동영커피,582918134,객사
시선 전주본점,1124540853,객사
피콜로,1528624932,객사
애슐리퀸즈 NC전주점,1027643053,객사
요리주점 도무,2093814426,객사
올리오,2024235411,객사
슬록,1010663065,객사
청년다방 전주객사점,1727023950,객사
비바더레스트,1070065133,객사
PNB 풍년제과 본점,16784383,객사
라디앙뜨 전주객사본점,1111423392,객사
오타마 객리단길본점,1083787996,객사
할리스 전주시네마점,1595123268,객사
원조함흥냉면,16805214,객사
현대옥 남부시장점,12067777,객사
동포,2068654291,객사
프로젝트엑스,1261241229,객사
양세마리훠궈앤마라탕,1008478759,객사
연지본관,32680698,객사
시골촌,16803549,객사
또순이네집,16804359,객사
삼백집 전주 본점,11658492,객사
맥락 브루어리,1864258281,객사
맥락 브루어리,1864258281,객사
로쏘파스타바,1535948281,객사
숯토리 객리단길본점,1214054969,객사
효자막창 객사본점,51072003,객사
일품향,33276363,객사
수정관,16984722,객사
일층집 객리단길점,1487010537,객사
피자몰 뷔페 NC 전주점,37130035,객사
샘샘커피,1889729599,객사
인디카이브,2058620663,객사
동락,16781259,객사
카페한채,1944190795,객사
양식당,36854548,객사
버거킹 전주중앙점,38700486,객사
초로초로,1457716622,객사
대보장,16783235,객사
걸프델리마켓,1174729028,객사
서울소바,16778934,객사
스시미라이,1022849474,객사
동창갈비,32417688,객사
전주맛집한림옥,1046726141,객사
지속,2005756586,객사
비레레,1402135242,객사
호시마츠생라멘,1401920404,객사
취향 객리단길점,2087138157,객사
야키토리동작 전주객리단길점,2086899405,객사
사거리포차,2053436287,객사
효자수산,1211651329,객사
델리호응 객사점,1280146422,객사
모던조옥발,2088133129,객사
해요,1271296267,객사
노벨반점,16798232,객사
백일몽,1709596195,객사
우천칡냉면,19567237,객사
대설 전주객사점,2058548835,객사
롯데리아 전주고사점,1360137413,객사
듀숑,35886106,객사
스타벅스 전주경원점,21007571,객사
파스톨로지,1827022117,객사
딜런,1336249613,객사
빛의 안부,1756644122,객사
CAFE DUMBO,1279061709,객사
써브웨이 전주객사점,1704519442,객사
현해탄,1130736371,객사
은주 객리단길점,2055607359,객사
야키토리고집,1638455823,객사
두끼 NC전주객사점,37130027,객사
돼지박사1997,20056156,객사
라와마라탕 전주고사점,1542668054,객사
위드스페이스,1992191930,객사
크러스트,1118587146,객사
전일갑오,2005508021,객사
고향역 전주객사본점,1958961333,객사
가비마실,1524234266,객사
소노야,21030798,객사
바라카힐,2025001712,객사
노스 전주 웨리단길점,1608957257,객사
탕화쿵푸마라탕 전주객사점,2085305237,객사
오얏리,1503288030,객사
메가MGC커피 전주고사객사길점,2096174197,객사
투썸플레이스 전주영화의거리점,1771840072,객사
씨즐리,1783607494,객사
두왓유럽,1695901000,객사
오일내 객사점,1574132966,객사
유쿄니 객사점,1773539245,객사
콜터,1056191924,객사
그룸,1497291844,객사
화온주가,2086499529,객사
자유식당,16797427,객사
김밥이야기,16802391,객사
마래당,1764992257,객사
제너럴도넛샵,1448673516,객사
왕초바베큐 전주객사점,1932533858,객사
천지양꼬치 객리단길점,1457230465,객사
전주 초장집 막장집 본점,16800829,객사
아서원1920 전주한옥마을꽃심호텔점,2099020069,객사
착한다슬기,1202509739,객사
소음,1227022284,객사
우진면가,2072870414,객사
클래식컵,2023673938,객사
풍남문비빔밥,1255038354,객사
슬로우타운,1935874437,객사
포포포,2024883774,객사
부영상회 객리단길본점,1508456660,객사
노매딕 비어템플,1540656416,객사
원,1191576085,객사
메가MGC커피 전주한옥마을경기전점,1457865014,객사
설빙 전주객사점,34329453,객사
옛날피순대,37362493,객사
피자브릭 객사본점,1515418830,객사
백수의 찬,921686615,객사
경아분식,21675777,객사
효자문식당,19886060,객사
마시코히,2090968610,객사
카페윌,1564147942,객사
사람사이사람,1991921411,객사
호텔아프리카,2046387072,객사
포도시커피,1080439450,객사
버드웍스,2093265922,객사
호리,1579003040,객사
보라식당,1200947549,객사
초밥장이,36283027,객사
마리오,1574316704,객사
홈댄스,2081154574,객사
우동로 삼거리제면소,2088108062,객사
긴자료코 전주객사점,1476589207,객사
역전할머니맥주 전주객사점,1389501265,객사
배짱 전주,1682112843,객사
마일스톤즈,1096771778,객사
본죽&비빔밥 전주객사점,1436161593,객사
은인,2094566071,객사
남문손칼국수,20944331,객사
플뢰르,1453928815,객사
고수닭갈비 영화의거리점,1162536025,객사
올드테디 전주객리단길점,1802270722,객사
검은깃 사운드,2019284489,객사
소동 전주웨리단길점,1266835037,객사
후켄 객리단길점,1217068669,객사
이코히,1394510757,객사
제주아홉 혼술바 전주점,2098894496,객사
스몰디쉬 앤 와인바 피스앤러브,1249665572,객사
감로헌,17126471,객사
영흥관,16788648,객사
디드,1318432283,객사
산쪼메 전주객사점,1261214493,객사
풍남문식당,1142492181,객사
베이스,2056819777,객사
엉터리생고기 두번째이야기 무한삼겹 객사점,37912399,객사
블렌딩바 뮤직 전주혼술바,1676630599,객사
스타벅스 전주한옥마을점,36473173,객사
한상차림,1636482687,객사
정밀 베이커리,2031160954,객사
혜원가,36419424,객사
치팅데이 전주객리단길본점,1839297540,객사
전주 남부시장 한국닭집,1972173017,객사
코믹스월드,37997902,객사
꽃살희 전주한옥마을본점,1963191177,객사
텀벙,2045374294,객사
연막창 전주객사점,2073924769,객사
이자카야굴뚝,2087380227,객사
필그린커피로스터스,2079593238,객사
행원,220469525,객사
새참국수,13125737,객사
전주장,1195822490,객사
빽다방 전주객사1호점,37162383,객사
버터북 전주점,1121798147,객사
코지,1428678693,객사
진미반점,1020884711,객사
대추나무사랑걸렸네,2099126761,객사
컴포즈커피 전주신라스테이점,2048151688,객사
금암면옥 고사동식탁,37089658,객사
티앤토르테,1168805501,객사
롤링파스타 전주객사점,1633294626,객사
낙곱새끝판왕 객사점,2088155615,객사
미카도스시 전주객사점,1194739455,객사
Mood indigo,1501691220,객사
라화쿵부 고사점,1087623235,객사
루어스,1254811074,객사
한스델리 전주점,31028705,객사
고을돌솥밥,1639505825,객사
타규,1399209093,객사
코토리,1531341075,객사
모던스퀘어 영화의거리 시작점,1819148606,객사
면식당 전주객사점,1666684350,객사
다사랑치킨 중앙점,2076776034,객사
핵밥 전주객사점,2030677900,객사
현대옥 전주시청점,1473302426,객사
동우,2031271948,객사
바이아커피스토어,1034629974,객사
독도쭈꾸미 객사점,1078597476,객사
이디야커피 전주고사점,16802499,객사
도파민그라운드,1337214634,객사
씨에스타,1066313912,객사
맘스터치 전주객사점,37038173,객사
문턱,2094129478,객사
배스킨라빈스 전주고사,335262238,객사
이탈리안 에스프레소바 카페닉,1990516638,객사
작은바닷고기,1084072004,객사
햅삐케이크,1469427139,객사
유쿠키숍,1870253069,객사
소프,1279430775,객사
시장골목집 객리단길점,1367704274,객사
전주관광호텔 더 테라스,2079630504,객사
객사골방,1933589831,객사
중앙동고깃집,1146796327,객사
옐로우팜 전주객사점,2066468826,객사
최우영식당,1307779666,객사
용성양,1544826104,객사
감자면가 전주점,2075962515,객사
화녕 객리단길본점,1074025900,객사
듣고갈래,2015114278,객사
파타,2047719173,객사
풍문,1305378240,객사
꽃,770294203,객사
용이네,31334911,객사
행복은간장밥 전주객사점,1130493362,객사
화덕초대파불고기 전주고사점,57902770,객사
역전우동0410 전주객사점,1266671109,객사
하이오뎅 객리단길 본점,1762671407,객사
워커비 전주,1432293077,객사
한국식당,11806856,객사
커리우먼,1479591013,객사
DISTRICT 7,2044619724,객사
백소정 객사점,1825771559,객사
흐엉꾸에하롱베이퍼,219577800,객사
수정삼겹,1877254447,객사
여덟개의달,1671001820,객사
태조면가 본점,36461838,객사
라쿵푸마라탕 전주점,1138268426,객사
너드,2047482258,객사
동대문엽기떡볶이 전주중앙점,1283875294,객사
비요리 본점,1622865623,객사
올드빅커피,1008325110,객사
한라실비집,1585651306,객사
솔담한식당,16985825,객사
고홈,1248538168,객사
우정식당,19816075,객사
매미식당,1770572296,객사
카페 섬수,1253889935,객사
엔소,1631468678,객사
한미반점,16799904,객사
세번째서랍,1662630082,객사
나날,1052540736,객사
그랩앤고 크레페 객사점,2052261136,객사
영동슈퍼닭발 본점,1760035626,객사
PNB 풍년제과 전동점,1552071530,객사
유오,1048082380,객사
생생호프 객리단길점,1197487967,객사
이지비부대찌개 고사점,2091869067,객사
신포우리만두 전주훼미리센타점,11761585,객사